web_scraper_order,web_scraper_start_url,data,data2,data3,data4,data5,data6,data7,data8,image
"1790503114-1","https://www.prenew.com/en-BE/all-products","Ryzen 7 7700X
RTX 4080","€1,766","SSD: 1TB","32GB DDR5 4800MHz","PLATINUM","RGB","SALE","€1,859","https://pxvoiuxhdkgenugtswez.supabase.co/storage/v1/render/image/public/pc-images/7AP9SQ_Ryzen%207%207700X_RTX%204080_0.png?width=3840&height=3840&quality=75&resize=contain"
"1790503114-2","https://www.prenew.com/en-BE/all-products","Ryzen 7 3700X
RTX 2070 Super","€729","SSD: 500GB, HDD: 4TB","16GB DDR4 3200MHz","SILVER","","","","https://pxvoiuxhdkgenugtswez.supabase.co/storage/v1/render/image/public/pc-images/DJUS6E_Ryzen%207%203700X_RTX%202070%20Super_0.png?width=3840&height=3840&quality=75&resize=contain"
"1790503114-3","https://www.prenew.com/en-BE/all-products","Ryzen 7 5800X
RX 6700 XT","€1,039","SSD: 1TB","32GB DDR4 3200MHz","GOLD","RGB","","","https://pxvoiuxhdkgenugtswez.supabase.co/storage/v1/render/image/public/pc-images/MOLY98_Ryzen%207%205800X_RX%206700%20XT_0.png?width=3840&height=3840&quality=75&resize=contain"
"1790503114-4","https://www.prenew.com/en-BE/all-products","Ryzen 5 2600X
GTX 1650 Super","€469","SSD: 1TB","16GB DDR4 2400MHz","BRONZE","","","","https://pxvoiuxhdkgenugtswez.supabase.co/storage/v1/render/image/public/pc-images/N5XX8B_Ryzen%205%202600X_GTX%201650%20Super_0.png?width=3840&height=3840&quality=75&resize=contain"
"1790503114-5","https://www.prenew.com/en-BE/all-products","Intel i7-14700F
RTX 4060","€999","SSD: 512GB","16GB DDR5 5600MHz","GOLD","RGB","","","https://pxvoiuxhdkgenugtswez.supabase.co/storage/v1/render/image/public/pc-images/BNF59V_Intel%20i7-14700F_RTX%204060_0.png?width=3840&height=3840&quality=75&resize=contain"
"1790503114-6","https://www.prenew.com/en-BE/all-products","Ryzen 5 2600X
GTX 1660 Super","€519","SSD: 240GB, HDD: 2TB","16GB DDR4 3200MHz","BRONZE","RGB","","","https://pxvoiuxhdkgenugtswez.supabase.co/storage/v1/render/image/public/pc-images/YA6AWX_Ryzen%205%202600X_GTX%201660%20Super_0.png?width=3840&height=3840&quality=75&resize=contain"
"1790503114-7","https://www.prenew.com/en-BE/all-products","Ryzen 7 5700X
RTX 5060","€1,049","SSD: 1TB","32GB DDR4 2666MHz","GOLD","RGB","","","https://pxvoiuxhdkgenugtswez.supabase.co/storage/v1/render/image/public/pc-images/VE5KKZ_Ryzen%207%205700X_RTX%205060_0.png?width=3840&height=3840&quality=75&resize=contain"
"1790503114-8","https://www.prenew.com/en-BE/all-products","Ryzen 5 3600
GTX 1660 Super","€439","SSD: 500GB","16GB DDR4 3200MHz","SILVER","","","","https://pxvoiuxhdkgenugtswez.supabase.co/storage/v1/render/image/public/pc-images/K846ZC_Ryzen%205%203600_GTX%201660%20Super_0.png?width=3840&height=3840&quality=75&resize=contain"
"1790503114-9","https://www.prenew.com/en-BE/all-products","Ryzen 7 2700
GTX 1080","€459","SSD: 240GB, HDD: 2TB","16GB DDR4 3200MHz","BRONZE","","","","https://pxvoiuxhdkgenugtswez.supabase.co/storage/v1/render/image/public/pc-images/WK7QRX_Ryzen%207%202700_GTX%201080_0.png?width=3840&height=3840&quality=75&resize=contain"
"1790503114-10","https://www.prenew.com/en-BE/all-products","Ryzen 7 3800X
RTX 2070 Super","€729","SSD: 1TB","16GB DDR4 3200MHz","SILVER","","","","https://pxvoiuxhdkgenugtswez.supabase.co/storage/v1/render/image/public/pc-images/WIA7T6_Ryzen%207%203800X_RTX%202070%20Super_0.png?width=3840&height=3840&quality=75&resize=contain"
"1790503114-11","https://www.prenew.com/en-BE/all-products","Intel i5-11600K
RTX 3070","€909","SSD: 1TB","16GB DDR4 3200MHz","GOLD","RGB","","","https://pxvoiuxhdkgenugtswez.supabase.co/storage/v1/render/image/public/pc-images/NYPZFD_Intel%20i5-11600K_RTX%203070_0.png?width=3840&height=3840&quality=75&resize=contain"
"1790503114-12","https://www.prenew.com/en-BE/all-products","Ryzen 9 3900X
RTX 3060 12GB","€829","SSD: 1TB","16GB DDR4 3200MHz","GOLD","RGB","","","https://pxvoiuxhdkgenugtswez.supabase.co/storage/v1/render/image/public/pc-images/IYAI7F_Ryzen%209%203900X_RTX%203060%2012GB_0.png?width=3840&height=3840&quality=75&resize=contain"
"1790503114-13","https://www.prenew.com/en-BE/all-products","Ryzen 7 3700X
RTX 3060 12GB","€819","SSD: 1TB","16GB DDR4 3200MHz","GOLD","RGB","","","https://pxvoiuxhdkgenugtswez.supabase.co/storage/v1/render/image/public/pc-images/J2EG3Z_Ryzen%207%203700X_RTX%203060%2012GB_0.png?width=3840&height=3840&quality=75&resize=contain"
"1790503114-14","https://www.prenew.com/en-BE/all-products","Intel i5-6500
GTX 1650","€329","SSD: 512GB","16GB DDR4 3200MHz","BRONZE","","","","https://pxvoiuxhdkgenugtswez.supabase.co/storage/v1/render/image/public/pc-images/WA6QQY_Intel%20i5-6500_GTX%201650_0.png?width=3840&height=3840&quality=75&resize=contain"
"1790503114-15","https://www.prenew.com/en-BE/all-products","Intel i5-13500
RTX 2070 Super","€949","SSD: 3.02TB","16GB DDR4 3200MHz","GOLD","","","","https://pxvoiuxhdkgenugtswez.supabase.co/storage/v1/render/image/public/pc-images/L4KCGW_Intel%20i5-13500_RTX%202070%20Super_0.png?width=3840&height=3840&quality=75&resize=contain"
"1790503114-16","https://www.prenew.com/en-BE/all-products","Intel i5-13600K
RTX 3060 8GB","€869","SSD: 1TB","16GB DDR4 3000MHz","GOLD","RGB","","","https://pxvoiuxhdkgenugtswez.supabase.co/storage/v1/render/image/public/pc-images/ILEYKI_Intel%20i5-13600K_RTX%203060%208GB_0.png?width=3840&height=3840&quality=75&resize=contain"
"1790503114-17","https://www.prenew.com/en-BE/all-products","Ryzen 9 9950X3D
RTX 5070","€2,419","SSD: 1TB","64GB DDR5 5200MHz","PLATINUM","RGB","","","https://pxvoiuxhdkgenugtswez.supabase.co/storage/v1/render/image/public/pc-images/2NWY94_Ryzen%209%209950X3D_RTX%205070_0.png?width=3840&height=3840&quality=75&resize=contain"
"1790503114-18","https://www.prenew.com/en-BE/all-products","Ryzen 7 5800X
RTX 3070","€979","SSD: 1TB","16GB DDR4 3200MHz","GOLD","RGB","","","https://pxvoiuxhdkgenugtswez.supabase.co/storage/v1/render/image/public/pc-images/56GADW_Ryzen%207%205800X_RX%206700%20XT_0.png?width=3840&height=3840&quality=75&resize=contain"
"1790503114-19","https://www.prenew.com/en-BE/all-products","Ryzen 5 5600G
RTX 2070 Super","€709","SSD: 512GB","16GB DDR4 3200MHz","SILVER","RGB","","","https://pxvoiuxhdkgenugtswez.supabase.co/storage/v1/render/image/public/pc-images/6LFKXL_Ryzen%205%205600G_RTX%202070%20Super_0.png?width=3840&height=3840&quality=75&resize=contain"
"1790503114-20","https://www.prenew.com/en-BE/all-products","Ryzen 5 3600X
GTX 1660","€409","SSD: 256GB, HDD: 1TB","16GB DDR4 3200MHz","BRONZE","","","","https://pxvoiuxhdkgenugtswez.supabase.co/storage/v1/render/image/public/pc-images/EFOXGE_Ryzen%205%203600X_GTX%201660_0.png?width=3840&height=3840&quality=75&resize=contain"
"1790503114-21","https://www.prenew.com/en-BE/all-products","Ryzen 7 7800X3D
RTX 4080 Super","€1,969","SSD: 1TB","32GB DDR5 4800MHz","PLATINUM","","","","https://pxvoiuxhdkgenugtswez.supabase.co/storage/v1/render/image/public/pc-images/F4UXXZ_Ryzen%207%207800X3D_RTX%204080%20Super_0.png?width=3840&height=3840&quality=75&resize=contain"
"1790503114-22","https://www.prenew.com/en-BE/all-products","Intel i9-9900K
RTX 3060 12GB","€1,039","SSD: 2TB","32GB DDR4 3200MHz","GOLD","RGB","","","https://pxvoiuxhdkgenugtswez.supabase.co/storage/v1/render/image/public/pc-images/O8PUHU_Intel%20i9-9900K_RTX%203060%2012GB_0.png?width=3840&height=3840&quality=75&resize=contain"
"1790503114-23","https://www.prenew.com/en-BE/all-products","Intel i3-10100F
RX 570 4GB","€299","SSD: 256GB, HDD: 500GB","16GB DDR4 3000MHz","BRONZE","","","","https://pxvoiuxhdkgenugtswez.supabase.co/storage/v1/render/image/public/pc-images/7PMP7D_Intel%20i3-10100F_RX%20570%204GB_0.png?width=3840&height=3840&quality=75&resize=contain"
"1790503114-24","https://www.prenew.com/en-BE/all-products","Ryzen 7 3700X
RTX 2070 Super","€699","SSD: 256GB, HDD: 1TB","16GB DDR4 3000MHz","SILVER","RGB","","","https://pxvoiuxhdkgenugtswez.supabase.co/storage/v1/render/image/public/pc-images/YMN5YW_Ryzen%207%203700X_RTX%202070%20Super_0.png?width=3840&height=3840&quality=75&resize=contain"
"1790503114-25","https://www.prenew.com/en-BE/all-products","Ryzen 7 5800X
RTX 2080 Super","€959","SSD: 1TB","32GB DDR4 3200MHz","GOLD","","","","https://pxvoiuxhdkgenugtswez.supabase.co/storage/v1/render/image/public/pc-images/5VLCQS_Ryzen%207%205800X_RTX%202080%20Super_0.png?width=3840&height=3840&quality=75&resize=contain"
"1790503114-26","https://www.prenew.com/en-BE/all-products","Intel i5-10400f
RTX 2060 6GB","€639","SSD: 1TB","16GB DDR4 2666MHz","SILVER","RGB","","","https://pxvoiuxhdkgenugtswez.supabase.co/storage/v1/render/image/public/pc-images/SLAT4T_Intel%20i5-10400f_RTX%202060%206GB_0.png?width=3840&height=3840&quality=75&resize=contain"
"1790503114-27","https://www.prenew.com/en-BE/all-products","Ryzen 5 4600G
GTX 1070","€449","SSD: 500GB","16GB DDR4 3200MHz","BRONZE","","","","https://pxvoiuxhdkgenugtswez.supabase.co/storage/v1/render/image/public/pc-images/NQXNRQ_Ryzen%205%204600G_GTX%201070_0.png?width=3840&height=3840&quality=75&resize=contain"
"1790503114-28","https://www.prenew.com/en-BE/all-products","Intel i7-13700F
RTX 4080","€1,709","SSD: 1TB","16GB DDR5 6000MHz","PLATINUM","RGB","","","https://pxvoiuxhdkgenugtswez.supabase.co/storage/v1/render/image/public/pc-images/I5HEN2_Intel%20i7-13700F_RTX%204080_0.png?width=3840&height=3840&quality=75&resize=contain"
"1790503114-29","https://www.prenew.com/en-BE/all-products","Ryzen 7 3700X
RTX 3060 12GB","€839","SSD: 960GB","32GB DDR4 2666MHz","GOLD","","","","https://pxvoiuxhdkgenugtswez.supabase.co/storage/v1/render/image/public/pc-images/ZDIVAJ_Ryzen%207%203700X_RTX%203060%2012GB_0.png?width=3840&height=3840&quality=75&resize=contain"
"1790503114-30","https://www.prenew.com/en-BE/all-products","Intel i7-9700KF
RTX 2070 Super","€739","SSD: 500GB, HDD: 2TB","16GB DDR4 3200MHz","SILVER","RGB","","","https://pxvoiuxhdkgenugtswez.supabase.co/storage/v1/render/image/public/pc-images/9MFIHZ_Intel%20i7-9700KF_RTX%202070%20Super_0.png?width=3840&height=3840&quality=75&resize=contain"
"1790503114-31","https://www.prenew.com/en-BE/all-products","Ryzen 7 3700X
RTX 2070 Super","€739","SSD: 512GB","16GB DDR4 3200MHz","SILVER","RGB","","","https://pxvoiuxhdkgenugtswez.supabase.co/storage/v1/render/image/public/pc-images/2I4KS2_Ryzen%207%203700X_RTX%202070%20Super_0.png?width=3840&height=3840&quality=75&resize=contain"
"1790503114-32","https://www.prenew.com/en-BE/all-products","Ryzen 7 3700X
RTX 4060","€789","SSD: 1TB","32GB DDR4 3200MHz","GOLD","RGB","","","https://pxvoiuxhdkgenugtswez.supabase.co/storage/v1/render/image/public/pc-images/66GLVE_Ryzen%207%203700X_RTX%204060_0.png?width=3840&height=3840&quality=75&resize=contain"
"1790503114-33","https://www.prenew.com/en-BE/all-products","Ryzen 7 3700X
RTX 2080 Super","€739","SSD: 512GB","16GB DDR4 3200MHz","SILVER","RGB","","","https://pxvoiuxhdkgenugtswez.supabase.co/storage/v1/render/image/public/pc-images/THMVEG_Ryzen%207%203700X_RTX%202080%20Super_0.png?width=3840&height=3840&quality=75&resize=contain"
"1790503114-34","https://www.prenew.com/en-BE/all-products","Intel i7-10700F
RTX 3070","€869","SSD: 1TB","16GB DDR4 3200MHz","GOLD","RGB","","","https://pxvoiuxhdkgenugtswez.supabase.co/storage/v1/render/image/public/pc-images/OP4NFL_Intel%20i7-10700F_RTX%203070_0.png?width=3840&height=3840&quality=75&resize=contain"
"1790503114-35","https://www.prenew.com/en-BE/all-products","Ryzen 9 3900X
RTX 2060 Super","€629","SSD: 512GB","16GB DDR4 3200MHz","SILVER","RGB","","","https://pxvoiuxhdkgenugtswez.supabase.co/storage/v1/render/image/public/pc-images/V3KKDP_Ryzen%209%203900X_RTX%202060%20Super_0.png?width=3840&height=3840&quality=75&resize=contain"
"1790503114-36","https://www.prenew.com/en-BE/all-products","Ryzen 5 8600G
RTX 3070","€1,289","SSD: 1TB","32GB DDR5 5600MHz","GOLD","RGB","","","https://pxvoiuxhdkgenugtswez.supabase.co/storage/v1/render/image/public/pc-images/YZ9NJP_Ryzen%205%208600G_RTX%203070_0.png?width=3840&height=3840&quality=75&resize=contain"
"1790503114-37","https://www.prenew.com/en-BE/all-products","Intel i5-10400
RTX 3060 12GB","€659","SSD: 512GB","16GB DDR4 3200MHz","SILVER","RGB","","","https://pxvoiuxhdkgenugtswez.supabase.co/storage/v1/render/image/public/pc-images/Y67XLC_Intel%20i5-10400_RTX%203060%2012GB_0.png?width=3840&height=3840&quality=75&resize=contain"
"1790503114-38","https://www.prenew.com/en-BE/all-products","Ryzen 5 5600
RTX 3060 12GB","€769","SSD: 512GB","16GB DDR4 3200MHz","GOLD","RGB","","","https://pxvoiuxhdkgenugtswez.supabase.co/storage/v1/render/image/public/pc-images/BQJM4O_Ryzen%205%205600_RTX%203060%2012GB_0.png?width=3840&height=3840&quality=75&resize=contain"
"1790503114-39","https://www.prenew.com/en-BE/all-products","Ryzen 7 3700X
RTX 3070","€969","SSD: 1TB","32GB DDR4 3600MHz","GOLD","RGB","","","https://pxvoiuxhdkgenugtswez.supabase.co/storage/v1/render/image/public/pc-images/JA5CK6_Ryzen%207%203700X_RTX%203070_0.png?width=3840&height=3840&quality=75&resize=contain"
"1790503114-40","https://www.prenew.com/en-BE/all-products","Ryzen 9 7900X
RTX 3080 10GB","€1,629","SSD: 2TB","32GB DDR5 6000MHz","PLATINUM","RGB","","","https://pxvoiuxhdkgenugtswez.supabase.co/storage/v1/render/image/public/pc-images/MENCS3_Ryzen%209%207900X_RTX%203080%2010GB_0.png?width=3840&height=3840&quality=75&resize=contain"
"1790503114-41","https://www.prenew.com/en-BE/all-products","Intel i7-7740X
GTX 1660 Ti","€449","SSD: 240GB, HDD: 2TB","16GB DDR4 3200MHz","BRONZE","","","","https://pxvoiuxhdkgenugtswez.supabase.co/storage/v1/render/image/public/pc-images/WK48HC_Intel%20i7-7700_GTX%201660%20Ti_0.png?width=3840&height=3840&quality=75&resize=contain"
"1790503114-42","https://www.prenew.com/en-BE/all-products","Ryzen 7 3700X
RTX 2060 Super","€619","SSD: 1TB","16GB DDR4 3200MHz","SILVER","","","","https://pxvoiuxhdkgenugtswez.supabase.co/storage/v1/render/image/public/pc-images/4ZQ48E_Ryzen%207%203700X_RTX%202060%20Super_0.png?width=3840&height=3840&quality=75&resize=contain"
"1790503114-43","https://www.prenew.com/en-BE/all-products","Intel i5-9400
GTX 1660 Super","€449","SSD: 240GB, HDD: 1TB","16GB DDR4 3200MHz","BRONZE","","","","https://pxvoiuxhdkgenugtswez.supabase.co/storage/v1/render/image/public/pc-images/ITXUFE_Intel%20i5-9400_GTX%201660%20Super_0.png?width=3840&height=3840&quality=75&resize=contain"
"1790503114-44","https://www.prenew.com/en-BE/all-products","Intel i5-9600K
GTX 1660 Ti","€489","SSD: 500GB","16GB DDR4 3200MHz","SILVER","","","","https://pxvoiuxhdkgenugtswez.supabase.co/storage/v1/render/image/public/pc-images/D9HSFR_Intel%20i5-9600K_GTX%201660%20Ti_0.png?width=3840&height=3840&quality=75&resize=contain"
"1790503114-45","https://www.prenew.com/en-BE/all-products","Ryzen 9 7950X3D
RTX 4080 Super","€2,179","SSD: 2TB","16GB DDR5 4800MHz","PLATINUM","RGB","","","https://pxvoiuxhdkgenugtswez.supabase.co/storage/v1/render/image/public/pc-images/AAKR3W_Ryzen%209%207950X3D_RTX%204080%20Super_0.png?width=3840&height=3840&quality=75&resize=contain"
"1790503114-46","https://www.prenew.com/en-BE/all-products","Ryzen 7 3800X
RTX 2080 Super","€759","SSD: 1TB","16GB DDR4 3200MHz","SILVER","","","","https://pxvoiuxhdkgenugtswez.supabase.co/storage/v1/render/image/public/pc-images/F4IV96_Ryzen%207%203800X_RTX%202080%20Super_0.png?width=3840&height=3840&quality=75&resize=contain"
"1790503114-47","https://www.prenew.com/en-BE/all-products","Intel i5-9400
GTX 1070 Ti","€469","SSD: 250GB, HDD: 1TB","16GB DDR4 2666MHz","BRONZE","","","","https://pxvoiuxhdkgenugtswez.supabase.co/storage/v1/render/image/public/pc-images/MAUXY2_Intel%20i5-9400_GTX%201070%20Ti_0.png?width=3840&height=3840&quality=75&resize=contain"
"1790503114-48","https://www.prenew.com/en-BE/all-products","Intel i5-9400F
GTX 1650","€399","SSD: 1TB","16GB DDR4 3200MHz","BRONZE","","","","https://pxvoiuxhdkgenugtswez.supabase.co/storage/v1/render/image/public/pc-images/CP63CF_Intel%20i5-9400F_GTX%201650_0.png?width=3840&height=3840&quality=75&resize=contain"
"1790503114-49","https://www.prenew.com/en-BE/all-products","Ryzen 7 3700X
RX 6700 XT","€819","SSD: 1TB, HDD: 1TB","16GB DDR4 3200MHz","GOLD","RGB","","","https://pxvoiuxhdkgenugtswez.supabase.co/storage/v1/render/image/public/pc-images/SLVVP9_Ryzen%207%203700X_RX%206700%20XT_0.png?width=3840&height=3840&quality=75&resize=contain"
"1790503114-50","https://www.prenew.com/en-BE/all-products","Intel i9-13900F
RTX 5070","€1,669","SSD: 1TB","32GB DDR5 6000MHz","PLATINUM","","","","https://pxvoiuxhdkgenugtswez.supabase.co/storage/v1/render/image/public/pc-images/X33G5Z_Intel%20i9-13900F_RTX%205070_0.png?width=3840&height=3840&quality=75&resize=contain"
"1790503114-51","https://www.prenew.com/en-BE/all-products","Ryzen 7 3800X
RX 5700XT","€649","SSD: 512GB","16GB DDR4 2400MHz","SILVER","RGB","","","https://pxvoiuxhdkgenugtswez.supabase.co/storage/v1/render/image/public/pc-images/U7ZB5I_Ryzen%207%203800X_RX%205700XT_0.png?width=3840&height=3840&quality=75&resize=contain"
"1790503114-52","https://www.prenew.com/en-BE/all-products","Ryzen 7 5800X
RTX 3080 10GB","€1,119","SSD: 1TB","16GB DDR4 3600MHz","GOLD","RGB","","","https://pxvoiuxhdkgenugtswez.supabase.co/storage/v1/render/image/public/pc-images/6SGNBS_Ryzen%207%205800X_RTX%203080%2010GB_0.png?width=3840&height=3840&quality=75&resize=contain"
"1790503114-53","https://www.prenew.com/en-BE/all-products","Intel i5-11600K
RTX 2080","€789","SSD: 1TB","16GB DDR4 3000MHz","SILVER","RGB","","","https://pxvoiuxhdkgenugtswez.supabase.co/storage/v1/render/image/public/pc-images/GROAGX_Intel%20i5-11600K_RTX%202080_0.png?width=3840&height=3840&quality=75&resize=contain"
"1790503114-54","https://www.prenew.com/en-BE/all-products","Intel i5-8400
GTX 1660 Super","€429","SSD: 500GB","16GB DDR4 2666MHz","BRONZE","","","","https://pxvoiuxhdkgenugtswez.supabase.co/storage/v1/render/image/public/pc-images/OJE6KY_Intel%20i5-8400_GTX%201660%20Super_0.png?width=3840&height=3840&quality=75&resize=contain"
"1790503114-55","https://www.prenew.com/en-BE/all-products","Ryzen 5 3600
GTX 1660 Super","€539","SSD: 500GB","16GB DDR4 3200MHz","SILVER","RGB","","","https://pxvoiuxhdkgenugtswez.supabase.co/storage/v1/render/image/public/pc-images/4WEKA8_Ryzen%205%203600_GTX%201660%20Super_0.png?width=3840&height=3840&quality=75&resize=contain"
"1790503114-56","https://www.prenew.com/en-BE/all-products","Intel i5-11400F
RTX 3060 12GB","€799","SSD: 1TB","16GB DDR4 3200MHz","GOLD","RGB","","","https://pxvoiuxhdkgenugtswez.supabase.co/storage/v1/render/image/public/pc-images/P22GN7_Intel%20i5-11400F_RTX%203060%2012GB_0.png?width=3840&height=3840&quality=75&resize=contain"
"1790503114-57","https://www.prenew.com/en-BE/all-products","Intel i9-14900K
RTX 4080 Super","€2,039","SSD: 2TB","32GB DDR5 5600MHz","PLATINUM","","","","https://pxvoiuxhdkgenugtswez.supabase.co/storage/v1/render/image/public/pc-images/L7ENMC_Intel%20i9-14900K_RTX%204080%20Super_0.png?width=3840&height=3840&quality=75&resize=contain"
"1790503114-58","https://www.prenew.com/en-BE/all-products","Ryzen 9 3950X
RTX 2080","€799","SSD: 1TB","16GB DDR4 3200MHz","SILVER","RGB","","","https://pxvoiuxhdkgenugtswez.supabase.co/storage/v1/render/image/public/pc-images/3RKCYL_Ryzen%209%203950X_RTX%202080_0.png?width=3840&height=3840&quality=75&resize=contain"
"1790503114-59","https://www.prenew.com/en-BE/all-products","Ryzen 5 2600
GTX 1660 Ti","€459","SSD: 250GB, HDD: 1TB","16GB DDR4 2400MHz","BRONZE","RGB","","","https://pxvoiuxhdkgenugtswez.supabase.co/storage/v1/render/image/public/pc-images/8C852W_Ryzen%205%202600_GTX%201660%20Ti_0.png?width=3840&height=3840&quality=75&resize=contain"
"1790503114-60","https://www.prenew.com/en-BE/all-products","Ryzen 5 5600X
RTX 3070 Ti","€989","SSD: 2TB","32GB DDR4 3600MHz","GOLD","","","","https://pxvoiuxhdkgenugtswez.supabase.co/storage/v1/render/image/public/pc-images/DO72EV_Ryzen%205%205600X_RTX%203070%20Ti_0.png?width=3840&height=3840&quality=75&resize=contain"
"1790503114-61","https://www.prenew.com/en-BE/all-products","Intel i7-7700K
GTX 1660 Super","€389","SSD: 500GB","16GB DDR4 2666MHz","BRONZE","","","","https://pxvoiuxhdkgenugtswez.supabase.co/storage/v1/render/image/public/pc-images/GIWZ6M_Intel%20i7-7700K_GTX%201660%20Super_0.png?width=3840&height=3840&quality=75&resize=contain"
"1790503114-62","https://www.prenew.com/en-BE/all-products","Intel i7-10700K
RTX 3070","€1,039","SSD: 2TB","32GB DDR4 2666MHz","GOLD","RGB","","","https://pxvoiuxhdkgenugtswez.supabase.co/storage/v1/render/image/public/pc-images/ZYT9S2_Intel%20i7-10700K_RTX%203070_0.png?width=3840&height=3840&quality=75&resize=contain"
"1790503114-63","https://www.prenew.com/en-BE/all-products","Intel i5-10400f
GTX 1080","€529","SSD: 1TB","16GB DDR4 2133MHz","SILVER","","","","https://pxvoiuxhdkgenugtswez.supabase.co/storage/v1/render/image/public/pc-images/XRK7XV_Intel%20i5-10400f_GTX%201080_0.png?width=3840&height=3840&quality=75&resize=contain"
"1790503114-64","https://www.prenew.com/en-BE/all-products","Ryzen 5 2600X
GTX 1660","€409","SSD: 512GB","16GB DDR4 2400MHz","BRONZE","","","","https://pxvoiuxhdkgenugtswez.supabase.co/storage/v1/render/image/public/pc-images/JT3D7R_Ryzen%205%202600X_GTX%201660_0.png?width=3840&height=3840&quality=75&resize=contain"
"1790503114-65","https://www.prenew.com/en-BE/all-products","Ryzen 9 7950X
RTX 4080 Super","€2,259","SSD: 2TB","32GB DDR5 6000MHz","PLATINUM","RGB","","","https://pxvoiuxhdkgenugtswez.supabase.co/storage/v1/render/image/public/pc-images/3KM5RS_Ryzen%209%207950X_RTX%204080%20Super_0.png?width=3840&height=3840&quality=75&resize=contain"
"1790503114-66","https://www.prenew.com/en-BE/all-products","Intel Core Ultra 9 285K
RTX 5080","€3,087","SSD: 2TB","64GB DDR5 4800MHz","PLATINUM","RGB","SALE","€3,249","https://pxvoiuxhdkgenugtswez.supabase.co/storage/v1/render/image/public/pc-images/H76D6E_Intel%20Core%20Ultra%209%20285K_RTX%205080_0.png?width=3840&height=3840&quality=75&resize=contain"
"1790503114-67","https://www.prenew.com/en-BE/all-products","Intel i3-12100F
GTX 1060 6GB","€469","SSD: 1TB","16GB DDR4 3200MHz","BRONZE","RGB","","","https://pxvoiuxhdkgenugtswez.supabase.co/storage/v1/render/image/public/pc-images/X9R8LM_Intel%20i3-12100F_GTX%201060%206GB_0.png?width=3840&height=3840&quality=75&resize=contain"
"1790503114-68","https://www.prenew.com/en-BE/all-products","Intel Core Ultra 7 265KF
RTX 5080","€2,919","SSD: 2TB","32GB DDR5 5600MHz","PLATINUM","RGB","","","https://pxvoiuxhdkgenugtswez.supabase.co/storage/v1/render/image/public/pc-images/TMQYG7_Intel%20Core%20Ultra%207%20265KF_RTX%205080_0.png?width=3840&height=3840&quality=75&resize=contain"
"1790503114-69","https://www.prenew.com/en-BE/all-products","Ryzen 7 5700G
RX 6600","€709","SSD: 1TB","16GB DDR4 3200MHz","SILVER","","","","https://pxvoiuxhdkgenugtswez.supabase.co/storage/v1/render/image/public/pc-images/EW3KI2_Ryzen%207%205700G_RX%206600_0.png?width=3840&height=3840&quality=75&resize=contain"
"1790503114-70","https://www.prenew.com/en-BE/all-products","Intel i5-10400f
GTX 1650 Super","€429","SSD: 512GB","16GB DDR4 2666MHz","BRONZE","","","","https://pxvoiuxhdkgenugtswez.supabase.co/storage/v1/render/image/public/pc-images/LB9W33_Intel%20i5-10400f_GTX%201650%20Super_0.png?width=3840&height=3840&quality=75&resize=contain"
"1790503114-71","https://www.prenew.com/en-BE/all-products","Ryzen 7 5800X
RTX 3070","€1,109","SSD: 1TB","32GB DDR4 3600MHz","GOLD","RGB","","","https://pxvoiuxhdkgenugtswez.supabase.co/storage/v1/render/image/public/pc-images/AHS5QX_Ryzen%207%205800X_RTX%203070_0.png?width=3840&height=3840&quality=75&resize=contain"
"1790503114-72","https://www.prenew.com/en-BE/all-products","Ryzen 7 8700F
RTX 5060","€1,289","SSD: 1TB","32GB DDR5 4800MHz","GOLD","","","","https://pxvoiuxhdkgenugtswez.supabase.co/storage/v1/render/image/public/pc-images/37Y58K_Ryzen%207%208700F_RTX%205060_0.png?width=3840&height=3840&quality=75&resize=contain"
"1790503114-73","https://www.prenew.com/en-BE/all-products","Ryzen 5 3400G
GTX 1660 Super","€409","SSD: 128GB, HDD: 1TB","16GB DDR4 3200MHz","BRONZE","","","","https://pxvoiuxhdkgenugtswez.supabase.co/storage/v1/render/image/public/pc-images/5T5HBU_Ryzen%205%203400G_GTX%201660%20Super_0.png?width=3840&height=3840&quality=75&resize=contain"
"1790503114-74","https://www.prenew.com/en-BE/all-products","Ryzen 7 3800X
RTX 3060 Ti","€869","SSD: 1TB","32GB DDR4 3600MHz","GOLD","RGB","","","https://pxvoiuxhdkgenugtswez.supabase.co/storage/v1/render/image/public/pc-images/WNUL3I_Ryzen%207%203800X_RTX%203060%20Ti_0.png?width=3840&height=3840&quality=75&resize=contain"
"1790503114-75","https://www.prenew.com/en-BE/all-products","Ryzen 5 3600
GTX 1660 Super","€499","SSD: 1TB","16GB DDR4 3000MHz","SILVER","","","","https://pxvoiuxhdkgenugtswez.supabase.co/storage/v1/render/image/public/pc-images/LMICC9_Ryzen%205%203600_GTX%201660%20Super_0.png?width=3840&height=3840&quality=75&resize=contain"
"1790503114-76","https://www.prenew.com/en-BE/all-products","Ryzen 5 5600G
RTX 3070","€819","SSD: 500GB","32GB DDR4 3200MHz","GOLD","","","","https://pxvoiuxhdkgenugtswez.supabase.co/storage/v1/render/image/public/pc-images/X54C89_Ryzen%205%205600G_RTX%203070_0.png?width=3840&height=3840&quality=75&resize=contain"
"1790503114-77","https://www.prenew.com/en-BE/all-products","Intel i5-7500
GTX 1060 6GB","€299","SSD: 240GB, HDD: 1TB","16GB DDR4 3000MHz","BRONZE","","","","https://pxvoiuxhdkgenugtswez.supabase.co/storage/v1/render/image/public/pc-images/3X747P_Intel%20i5-7500_GTX%201060%206GB_0.png?width=3840&height=3840&quality=75&resize=contain"
"1790503114-78","https://www.prenew.com/en-BE/all-products","Intel i7-6700K
GTX 1650","€389","SSD: 500GB, HDD: 1TB","16GB DDR4 3200MHz","BRONZE","","","","https://pxvoiuxhdkgenugtswez.supabase.co/storage/v1/render/image/public/pc-images/SEUOWZ_Intel%20i7-6700K_GTX%201650_0.png?width=3840&height=3840&quality=75&resize=contain"
"1790503114-79","https://www.prenew.com/en-BE/all-products","Ryzen 5 3600
GTX 1650","€429","SSD: 500GB","16GB DDR4 3000MHz","BRONZE","RGB","","","https://pxvoiuxhdkgenugtswez.supabase.co/storage/v1/render/image/public/pc-images/4FUUWT_Ryzen%205%203600_GTX%201650_0.png?width=3840&height=3840&quality=75&resize=contain"
"1790503114-80","https://www.prenew.com/en-BE/all-products","Ryzen 5 5600X
RTX 2060 6GB","€749","SSD: 500GB","16GB DDR4 3000MHz","SILVER","RGB","","","https://pxvoiuxhdkgenugtswez.supabase.co/storage/v1/render/image/public/pc-images/7WKHUC_Ryzen%205%205600X_RTX%202060%206GB_0.png?width=3840&height=3840&quality=75&resize=contain"
"1790503114-81","https://www.prenew.com/en-BE/all-products","Ryzen 5 3600X
RX 6650 XT","€729","SSD: 500GB","16GB DDR4 2133MHz","SILVER","","","","https://pxvoiuxhdkgenugtswez.supabase.co/storage/v1/render/image/public/pc-images/JDWMX2_Ryzen%205%203600X_RX%206650%20XT_0.png?width=3840&height=3840&quality=75&resize=contain"
"1790503114-82","https://www.prenew.com/en-BE/all-products","Ryzen 5 5600G
RX 6650 XT","€699","SSD: 1TB","16GB DDR4 2133MHz","SILVER","RGB","","","https://pxvoiuxhdkgenugtswez.supabase.co/storage/v1/render/image/public/pc-images/7UESVU_Ryzen%205%205600G_RX%206650%20XT_0.png?width=3840&height=3840&quality=75&resize=contain"
"1790503114-83","https://www.prenew.com/en-BE/all-products","Intel i7-7700K
RX 5600XT","€509","SSD: 512GB","16GB DDR4 3000MHz","BRONZE","RGB","","","https://pxvoiuxhdkgenugtswez.supabase.co/storage/v1/render/image/public/pc-images/I9A7AU_Intel%20i7-7700K_RX%205600XT_0.png?width=3840&height=3840&quality=75&resize=contain"
"1790503114-84","https://www.prenew.com/en-BE/all-products","Intel i5-14400F
RTX 4060","€849","SSD: 512GB","16GB DDR5 5600MHz","GOLD","RGB","","","https://pxvoiuxhdkgenugtswez.supabase.co/storage/v1/render/image/public/pc-images/PRTQF3_Intel%20i5-14400F_RTX%204060_0.png?width=3840&height=3840&quality=75&resize=contain"
"1790503114-85","https://www.prenew.com/en-BE/all-products","Ryzen 5 7600
RTX 3070","€1,429","SSD: 1TB","32GB DDR5 4800MHz","GOLD","","","","https://pxvoiuxhdkgenugtswez.supabase.co/storage/v1/render/image/public/pc-images/5TRMU8_Ryzen%205%207600_RTX%203070_0.png?width=3840&height=3840&quality=75&resize=contain"
"1790503114-86","https://www.prenew.com/en-BE/all-products","Ryzen 5 7500F
RTX 4060","€999","SSD: 1TB","24GB DDR5 5200MHz","GOLD","","","","https://pxvoiuxhdkgenugtswez.supabase.co/storage/v1/render/image/public/pc-images/GL2S4A_Ryzen%205%207500F_RTX%204060_0.png?width=3840&height=3840&quality=75&resize=contain"
"1790503114-87","https://www.prenew.com/en-BE/all-products","Intel i9-13900K
RTX 5070","€2,759","SSD: 2TB","64GB DDR5 5600MHz","PLATINUM","RGB","","","https://pxvoiuxhdkgenugtswez.supabase.co/storage/v1/render/image/public/pc-images/TLSJ8M_Intel%20i9-13900K_RTX%205070_0.png?width=3840&height=3840&quality=75&resize=contain"
"1790503114-88","https://www.prenew.com/en-BE/all-products","Intel i7-13700K
RTX 3070 Ti","€1,282","SSD: 2TB","32GB DDR5 4800MHz","GOLD","RGB","SALE","€1,349","https://pxvoiuxhdkgenugtswez.supabase.co/storage/v1/render/image/public/pc-images/BZBTWA_Intel%20i7-13700K_RTX%203070%20Ti_0.png?width=3840&height=3840&quality=75&resize=contain"
