creator,countries_found,country_count,subscriber_count,pc_build_match,gaming_match,content_niches,fit_score,fit_reasoning,channel_url,search_terms,recent_videos_json
Bricktronics,Estonia,1,5640,True,True,PC builds; Gaming,96,"Rule-based estimate from channel description; matching signals: PC builds, Gaming, gaming pc, pc build, hardware, gaming, computer, setup. Penalties applied for any negative audience signals.",https://www.youtube.com/@bricktronics,gaming PC ehitamine,"[{""title"": ""Lego CITY Gaming PC Build | EMMET #lego #pc #legocity"", ""url"": ""https://www.youtube.com/watch?v=aSs86sGaBnY""}]"
PixelAssembly,Belgium; Ireland; Lithuania; Romania,4,15400,True,True,PC builds; Gaming,84,"Rule-based estimate from channel description; matching signals: PC builds, Gaming, gaming pc, pc build, hardware, gaming. Penalties applied for any negative audience signals.",https://www.youtube.com/@pixelassembly,gaming pc bouwen pc build; gaming PC build; žaidimų kompiuteris gaming PC; asamblare PC gaming,"[{""title"": ""No Music. No Talking. Just Building a Gaming PC."", ""url"": ""https://www.youtube.com/watch?v=HuFVi3q0XBA""}]"
Mysta Gaming,Cyprus; Greece,2,29700,True,True,PC builds; Gaming,84,"Rule-based estimate from channel description; matching signals: PC builds, Gaming, gaming pc, pc build, hardware, gaming. Penalties applied for any negative audience signals.",https://www.youtube.com/@mystagreekgaming,gaming PC συναρμολόγηση,"[{""title"": ""Πως να Φτιάξω ένα Gaming PC - Οδηγός PC Build 2022"", ""url"": ""https://www.youtube.com/watch?v=OcPnFEZ2Gzs""}]"
PC SNAP,Ireland; Latvia; Lithuania; Malta,4,31800,True,True,PC builds; Hardware and benchmarks; Gaming,84,"Rule-based estimate from channel description; matching signals: PC builds, Hardware and benchmarks, Gaming, gaming pc, pc build, hardware, gaming. Penalties applied for any negative audience signals.",https://www.youtube.com/@pc_snap,gaming PC build; gaming PC dators; žaidimų kompiuteris gaming PC,"[{""title"": ""The Ultimate White & Natural Wood Themed PC Build | Aero X3D & Aorus RTX 5080 Infinity Wood"", ""url"": ""https://www.youtube.com/watch?v=fqN2bbwCHs4""}]"
filip's tech videos,Slovakia,1,22600,True,True,PC builds; Gaming,75,"Rule-based estimate from channel description; matching signals: PC builds, Gaming, gaming pc, pc build, gaming, setup. Penalties applied for any negative audience signals.",https://www.youtube.com/@filipstechvideos,zostava herného PC,"[{""title"": ""Tu máte GAMING PC za 1400€ #pc"", ""url"": ""https://www.youtube.com/watch?v=MxsDvgd9M74""}, {""title"": ""Dnes sa staval ULTRA GAMING PC, pre môjho kamaráta Ivana 😁"", ""url"": ""https://www.youtube.com/watch?v=xJcvpCV7jLA""}, {""title"": ""A teraz vážne... Tu máte PC za 600€  #pcbuild"", ""url"": ""https://www.youtube.com/watch?v=CuQLn47PC3g""}, {""title"": ""TIETO PC Setupy ma zničili!"", ""url"": ""https://www.youtube.com/watch?v=boCoevHQi3I""}]"
Voskov Game,Slovenia,1,2100,True,True,PC builds; Gaming,70,"Rule-based estimate from channel description; matching signals: PC builds, Gaming, gaming pc, pc build, gaming. Penalties applied for any negative audience signals.",https://www.youtube.com/@voskovcraft,gaming PC sestava,"[{""title"": ""Stavba herního PC,  Gaming PC Build - GTX1070, Intel Core i5 7600k"", ""url"": ""https://www.youtube.com/watch?v=LJGLCA_V2oI""}]"
Rig Logic,Ireland,1,2180,True,True,PC builds; Hardware and benchmarks; Gaming,70,"Rule-based estimate from channel description; matching signals: PC builds, Hardware and benchmarks, Gaming, gaming pc, pc build, gaming. Penalties applied for any negative audience signals.",https://www.youtube.com/@riglogic01,gaming PC build,"[{""title"": ""Ryzen 9 9950X3D + RTX 5080 | I Built a BEAST Gaming PC! 😱 Insane 4K Gaming PC Build"", ""url"": ""https://www.youtube.com/watch?v=Mf7w09v2BsE""}]"
JMH Analytics,Estonia,1,4190,True,True,PC builds; Gaming,70,"Rule-based estimate from channel description; matching signals: PC builds, Gaming, gaming pc, pc build, gaming. Penalties applied for any negative audience signals.",https://www.youtube.com/@michaelhansena,gaming PC ehitamine,"[{""title"": ""1080ti SLI Extreme 2017 Gaming PC Build Wall Mounted Time Lapse Video 2 ASUS SLI HB Bridge Core P3"", ""url"": ""https://www.youtube.com/watch?v=oHXt4YHykhk""}]"
The MultiMaker,Cyprus; Greece,2,5900,True,True,PC builds; Gaming,70,"Rule-based estimate from channel description; matching signals: PC builds, Gaming, gaming pc, pc build, gaming. Penalties applied for any negative audience signals.",https://www.youtube.com/@themultimaker,gaming PC συναρμολόγηση,"[{""title"": ""Συναρμολόγηση PC με Ryzen 5 - 2600 | PC BUILD, Ιούνιος 2019 (The MultiMaker)"", ""url"": ""https://www.youtube.com/watch?v=H9RzEk6Yk3E""}, {""title"": ""Cinematic PC Build - B-roll Video - Συναρμολόγηση Gaming PC by theMultiMaker"", ""url"": ""https://www.youtube.com/watch?v=_Ix1lX2-0No""}]"
Lebyo PC,Denmark; Ireland; Malta,3,6720,True,True,PC builds; Hardware and benchmarks; Gaming,70,"Rule-based estimate from channel description; matching signals: PC builds, Hardware and benchmarks, Gaming, gaming pc, pc build, gaming. Penalties applied for any negative audience signals.",https://www.youtube.com/@lebyopc,gaming PC byg computer; gaming PC build,"[{""title"": ""70K Monster Gaming PC For Gamers ⚡ Ryzen 5 7600 With RTX 3060Ti PC Build 🔥🤯"", ""url"": ""https://www.youtube.com/watch?v=CPRen74ovVU""}, {""title"": ""30K Ryzen 5 Gaming PC Build With RTX GPU ⚡ PC Build Under 30000 🔥😬"", ""url"": ""https://www.youtube.com/watch?v=iaH_eqTr4ZA""}]"
LKP PC Build ,Ireland; Malta,2,11200,True,True,PC builds; Gaming,70,"Rule-based estimate from channel description; matching signals: PC builds, Gaming, gaming pc, pc build, gaming. Penalties applied for any negative audience signals.",https://www.youtube.com/@lkp-pc-build,gaming PC build,"[{""title"": ""All-Black, Minimalist mATX 1440p Gaming PC Build | Deepcool CH170 Plus"", ""url"": ""https://www.youtube.com/watch?v=BF0VDHVGe9U""}]"
POV PC BUILD,Austria; Belgium; Denmark; Germany; Hungary; Ireland; Lithuania; Malta; Netherlands; Romania,10,12400,True,True,PC builds; Hardware and benchmarks; Gaming,70,"Rule-based estimate from channel description; matching signals: PC builds, Hardware and benchmarks, Gaming, gaming pc, pc build, gaming. Penalties applied for any negative audience signals.",https://www.youtube.com/@povpcbuild,Gaming PC bauen PC Build; gaming pc bouwen pc build; gaming PC byg computer; Gaming PC bauen; gaming PC építés; gaming PC build; žaidimų kompiuteris gaming PC; gaming PC bouwen; asamblare PC gaming,"[{""title"": ""9 minutes of BUILDING a GAMING PC | EASY POV PC BUILD FOR BEGINNERS | Ryzen 5 7500F + RTX 5070 ZOTAC"", ""url"": ""https://www.youtube.com/watch?v=1d2k1K6GFGk""}, {""title"": ""28 minutes of BUILDING the CLEANEST GAMING PC | FULL WHITE POV PC BUILD | 9600X + 5070"", ""url"": ""https://www.youtube.com/watch?v=24ajxATEwD4""}, {""title"": ""13 Minutes of BUILDING a MINIMALIST GAMING PC | POV PC BUILD | Ryzen 7 7700 + RTX 5070"", ""url"": ""https://www.youtube.com/watch?v=qHurn8F4ooE""}]"
Unboxing Lab,Cyprus; Greece,2,27700,True,True,PC builds; Gaming; Reviews and buying advice,70,"Rule-based estimate from channel description; matching signals: PC builds, Gaming, Reviews and buying advice, gaming pc, pc build, gaming. Penalties applied for any negative audience signals.",https://www.youtube.com/@unboxinglab,gaming PC συναρμολόγηση,"[{""title"": ""Το νέο μου Gaming PC Build | Part 2 [Unboxing & Συναρμολόγηση]"", ""url"": ""https://www.youtube.com/watch?v=g-7KxsvZLWU""}]"
Moyeet7,Cyprus,1,38000,True,True,PC builds; Gaming,57,"Rule-based estimate from channel description; matching signals: PC builds, Gaming, pc build, gaming, setup. Penalties applied for any negative audience signals.",https://www.youtube.com/@moyeet7,gaming PC συναρμολόγηση,"[{""title"": ""The BEST Budget PC Build for Gaming?"", ""url"": ""https://www.youtube.com/watch?v=qwn4wnjKsQ4""}]"
Walterinho,Italy,1,10800,True,True,PC builds; Hardware and benchmarks; Gaming,52,"Rule-based estimate from channel description; matching signals: PC builds, Hardware and benchmarks, Gaming, pc build, gaming. Penalties applied for any negative audience signals.",https://www.youtube.com/@walterinho97,assemblare PC gaming,"[{""title"": ""Assemblare un PC nel 2026 non ha più senso?!"", ""url"": ""https://www.youtube.com/watch?v=sKTEttEDTJE""}, {""title"": ""Come Assemblare un PC ECONOMICO nel 2026 (facile da aggiornare)"", ""url"": ""https://www.youtube.com/watch?v=2edWoE4r9gQ""}, {""title"": ""La PC BUILD più ECONOMICA per Gaming in 4k"", ""url"": ""https://www.youtube.com/watch?v=A4Zlc5q_bq4""}, {""title"": ""Il migliore pc che puoi farti ora con 1000€ ! Video completo⬇️ #pcgaming #ryzen5 #6750xt"", ""url"": ""https://www.youtube.com/watch?v=TgMEa5qYtyA""}]"
Hardware Dynamics,Estonia,1,4290,True,False,PC builds; Hardware and benchmarks,63,"Rule-based estimate from channel description; matching signals: PC builds, Hardware and benchmarks, pc build, hardware, setup. Penalties applied for any negative audience signals.",https://www.youtube.com/@hardware_dynamics,gaming PC ehitamine,"[{""title"": ""Lian Li O11 Vision Compact White Build | Ryzen 7 9850X3D & RTX 5080 | Top-Tier White Aesthetic PC!"", ""url"": ""https://www.youtube.com/watch?v=O5yvt7QvNI0""}]"
Enternity.gr,Cyprus; Greece,2,34900,True,False,PC builds; Reviews and buying advice,58,"Rule-based estimate from channel description; matching signals: PC builds, Reviews and buying advice, pc build, hardware. Penalties applied for any negative audience signals.",https://www.youtube.com/@enternitygr,gaming PC συναρμολόγηση,"[{""title"": ""Νέο PC Build: Part 2, Η συναρμολόγηση"", ""url"": ""https://www.youtube.com/watch?v=L4GKvaoslPQ""}]"
SimpleExcelVBA,Slovenia,1,2780,True,False,PC builds,49,"Rule-based estimate from channel description; matching signals: PC builds, pc build, setup. Penalties applied for any negative audience signals.",https://www.youtube.com/@simpleexcelvba,gaming PC sestava,"[{""title"": ""My first PC build ever!"", ""url"": ""https://www.youtube.com/watch?v=Jm-i9Iqhdww""}]"
VA Outdoors,Bulgaria,1,12500,True,False,PC builds,44,"Rule-based estimate from channel description; matching signals: PC builds, pc build. Penalties applied for any negative audience signals.",https://www.youtube.com/@va_outdoors,геймърски компютър сглобяване,"[{""title"": ""Сглобяваме компютър за видеообработка | PC build за 4K"", ""url"": ""https://www.youtube.com/watch?v=gCOHTKKt7C0""}]"
techsapiens,Cyprus; Greece,2,5480,True,False,PC builds,29,"Rule-based estimate from channel description; matching signals: PC builds, pc build. Penalties applied for any negative audience signals.",https://www.youtube.com/@techsapiens_official,gaming PC συναρμολόγηση,"[{""title"": ""VLOG #3: Pc Build - Συναρμολόγηση"", ""url"": ""https://www.youtube.com/watch?v=jzoueBrYDWQ""}]"
Xware,Austria; Germany,2,22900,False,True,Gaming,82,"Rule-based estimate from channel description; matching signals: Gaming, gaming pc, hardware, gaming, computer, technik. Penalties applied for any negative audience signals.",https://www.youtube.com/@xwaretv,Gaming PC bauen PC Build; Gaming PC bauen,"[{""title"": ""Gaming PC selbst konfigurieren: Schritt-für-Schritt Anleitung für Anfänger 2026"", ""url"": ""https://www.youtube.com/watch?v=6PydmtKK91w""}]"
Volkov_Benchmarks,Lithuania,1,17600,False,True,Hardware and benchmarks; Gaming,80,"Rule-based estimate from channel description; matching signals: Hardware and benchmarks, Gaming, pc build, hardware, benchmark, gaming. Penalties applied for any negative audience signals.",https://www.youtube.com/@volkov_benchmarks,žaidimų kompiuteris gaming PC,"[{""title"": ""RX 9070 XT + Ryzen 7 9800X3D vs RTX 5090 + Ultra 7 265K – The Results No One Expected  #pcgaming"", ""url"": ""https://www.youtube.com/watch?v=zUoo6-7N1Vw""}]"
Hardware News,Germany,1,36700,False,True,Gaming,76,"Rule-based estimate from channel description; matching signals: Gaming, hardware, benchmark, grafikkarte, gaming. Penalties applied for any negative audience signals.",https://www.youtube.com/@hardware-news-de,Gaming PC bauen,"[{""title"": ""Der 600€ Gaming-PC - Maximale FPS für minimales Geld!"", ""url"": ""https://www.youtube.com/watch?v=Mg72ywoKn3w""}]"
ZombieDontMiss,Belgium,1,11200,False,True,Gaming,70,"Rule-based estimate from channel description; matching signals: Gaming, gaming pc, pc build, gaming. Penalties applied for any negative audience signals.",https://www.youtube.com/@zombiedontmiss,gaming pc bouwen pc build,"[{""title"": ""Building A $250 Gaming PC - Build Guide (2025)"", ""url"": ""https://www.youtube.com/watch?v=BMI_t4P3yVo""}]"
LADTech,Belgium; Netherlands; Slovenia,3,27200,False,True,Hardware and benchmarks; Gaming,68,"Rule-based estimate from channel description; matching signals: Hardware and benchmarks, Gaming, gaming pc, hardware, gaming. Penalties applied for any negative audience signals.",https://www.youtube.com/@ladtech,gaming pc bouwen pc build; gaming PC bouwen; gaming PC sestava,"[{""title"": ""Build the Best RTX 5050 Gaming PC for $800"", ""url"": ""https://www.youtube.com/watch?v=yVXR2BsyRMs""}, {""title"": ""The Honest Truth About Building a Gaming PC in 2026"", ""url"": ""https://www.youtube.com/watch?v=cHAb4r62feM""}]"
Megekko,Belgium; Netherlands,2,2380,False,True,Gaming,62,"Rule-based estimate from channel description; matching signals: Gaming, gaming pc, gaming, computer. Penalties applied for any negative audience signals.",https://www.youtube.com/@megekko_official,gaming pc bouwen pc build; gaming PC bouwen,"[{""title"": ""The Box - Hoe bouw jij je eigen game PC van Megekko?"", ""url"": ""https://www.youtube.com/watch?v=Iis8R5vDFdk""}, {""title"": ""The Box 7 – Hoe bouw jij je eigen Game PC van Megekko?"", ""url"": ""https://www.youtube.com/watch?v=vBj0tWC7UZg""}]"
Skipti,Estonia,1,2590,False,True,Gaming,62,"Rule-based estimate from channel description; matching signals: Gaming, gaming computer, gaming, computer. Penalties applied for any negative audience signals.",https://www.youtube.com/@skipti_llc,gaming PC ehitamine,"[{""title"": ""Project Blackrock - AMD Powered SFF Editing and Gaming Computer"", ""url"": ""https://www.youtube.com/watch?v=MRnMEpt7qLA""}]"
Owens Vault,Malta,1,3920,False,True,Gaming,62,"Rule-based estimate from channel description; matching signals: Gaming, gaming pc, gaming, computer. Penalties applied for any negative audience signals.",https://www.youtube.com/@owensvault,gaming PC build,"[{""title"": ""I Built the BEST $800 Gaming PC for 2026!"", ""url"": ""https://www.youtube.com/watch?v=20--5flekWk""}]"
Blackout Computers,Cyprus,1,5670,False,True,Gaming,62,"Rule-based estimate from channel description; matching signals: Gaming, gaming pc, gaming, computer. Penalties applied for any negative audience signals.",https://www.youtube.com/@blackoutcomputers,gaming PC συναρμολόγηση,"[{""title"": ""This $500 Gaming PC Looks and Plays like a Beast!"", ""url"": ""https://www.youtube.com/watch?v=qh2gPEvJMfg""}]"
MacintoshMen,Estonia,1,12200,False,True,Gaming,62,"Rule-based estimate from channel description; matching signals: Gaming, gaming pc, gaming, computer. Penalties applied for any negative audience signals.",https://www.youtube.com/@macintoshmen,gaming PC ehitamine,"[{""title"": ""Can you build a Gaming PC for less than 200€ in 2024?"", ""url"": ""https://www.youtube.com/watch?v=epujN46GvrQ""}]"
99setups,Denmark,1,23700,False,True,Hardware and benchmarks; Gaming,59,"Rule-based estimate from channel description; matching signals: Hardware and benchmarks, Gaming, gaming pc, gaming, setup. Penalties applied for any negative audience signals.",https://www.youtube.com/@99setups,gaming PC byg computer,"[{""title"": ""Peeling the $500 Budget Gaming PC 😇"", ""url"": ""https://www.youtube.com/watch?v=9HJqq5r3cjM""}]"
Infinity Core Gaming,Estonia,1,24200,False,True,Gaming,57,"Rule-based estimate from channel description; matching signals: Gaming, pc build, gaming, setup. Penalties applied for any negative audience signals.",https://www.youtube.com/@infinitycoregaming1,gaming PC ehitamine,"[{""title"": ""The Ultimate Custom Liquid Cooled PCBuild🔥#shorts #short #trending #youtubeshorts #gaming #gamingpc"", ""url"": ""https://www.youtube.com/watch?v=14grADaMqQs""}]"
Fai da Tech,Italy; Romania,2,7000,False,True,Gaming; Hardware and benchmarks,55,"Rule-based estimate from channel description; matching signals: Gaming, Hardware and benchmarks, hardware, gaming, setup. Penalties applied for any negative audience signals.",https://www.youtube.com/@faidatech_,assemblare PC gaming; asamblare PC gaming,"[{""title"": ""Come ASSEMBLARE un PC, Spiegato FACILE meglio che mai (Guida SUPER dettagliata)"", ""url"": ""https://www.youtube.com/watch?v=FQ0PbkkRyow""}, {""title"": ""Non riuscirai a smettere di guardare questo PC 🤩 ASSEMBLAGGIO da ZERO"", ""url"": ""https://www.youtube.com/watch?v=RigqAkpHGRY""}]"
CieloTech,France,1,18900,False,True,Gaming,55,"Rule-based estimate from channel description; matching signals: Gaming, hardware, gaming, setup. Penalties applied for any negative audience signals.",https://www.youtube.com/@cielotech,montage PC gamer,"[{""title"": ""Faut-il MONTER son PROPRE PC GAMER ? #pc #pcgaming #gaming #amde"", ""url"": ""https://www.youtube.com/watch?v=URYnTNJIdks""}, {""title"": ""COMBIEN COUTE LE PC LE PLUS CHER ??! #gaming #leboncoin #pc #amazon"", ""url"": ""https://www.youtube.com/watch?v=Ezp6LgsnLzU""}]"
GplayTV - Gaming & Lifestyle,Bulgaria,1,4500,False,True,Gaming,54,"Rule-based estimate from channel description; matching signals: Gaming, gaming pc, gaming. Penalties applied for any negative audience signals.",https://www.youtube.com/@gplaytvgl,геймърски компютър сглобяване,"[{""title"": ""Сглобих Gaming PC за ПЪРВИ Път в Живота си"", ""url"": ""https://www.youtube.com/watch?v=gcYFFU2vDaY""}]"
Dar Daugiau Balaklavos,Lithuania,1,4890,False,True,Gaming,54,"Rule-based estimate from channel description; matching signals: Gaming, gaming pc, gaming. Penalties applied for any negative audience signals.",https://www.youtube.com/@dardaugiaubalaklavos,žaidimų kompiuteris gaming PC,"[{""title"": ""Atidaviau Naują Gaming PC Savo Subscriberiui! (1300€)"", ""url"": ""https://www.youtube.com/watch?v=iuxCf2ZweH4""}]"
Tech and Beyond,Lithuania; Malta,2,6060,False,True,Hardware and benchmarks; Gaming,54,"Rule-based estimate from channel description; matching signals: Hardware and benchmarks, Gaming, gaming pc, gaming. Penalties applied for any negative audience signals.",https://www.youtube.com/@techandbeyondd,žaidimų kompiuteris gaming PC; gaming PC build,"[{""title"": ""RTX 4090 WHITE GAMING PC | #pc #gaming #pcgaming #pcgamer #pcbuild #rtx4090 #rtx5090"", ""url"": ""https://www.youtube.com/watch?v=OfnA3Wz9RNI""}]"
RILI,Croatia,1,9570,False,True,Gaming,54,"Rule-based estimate from channel description; matching signals: Gaming, gaming pc, gaming. Penalties applied for any negative audience signals.",https://www.youtube.com/@rlyman,gaming PC slaganje,"[{""title"": ""Sastavio sam Gaming PC za samo 337€ | PC IZAZOV EP3"", ""url"": ""https://www.youtube.com/watch?v=DoS9CVVhF1E""}]"
TR Techo Life,Estonia,1,11200,False,True,Gaming,54,"Rule-based estimate from channel description; matching signals: Gaming, gaming pc, gaming. Penalties applied for any negative audience signals.",https://www.youtube.com/@trtecholife20,gaming PC ehitamine,"[{""title"": ""From budget-friendly builds to high-performance rigs, weve got you covered for your dream gaming PC"", ""url"": ""https://www.youtube.com/watch?v=cmCXhPGmOYE""}]"
Allied Gaming,Cyprus,1,23000,False,True,Hardware and benchmarks; Gaming,54,"Rule-based estimate from channel description; matching signals: Hardware and benchmarks, Gaming, gaming pc, gaming. Penalties applied for any negative audience signals.",https://www.youtube.com/@alliedgamingpc,gaming PC συναρμολόγηση,"[{""title"": ""Mum needs an Affordable Gaming PC for her Son ❤️ RTX 5060 Ti + R5 7500F 🎮 Allied Stingrr 🛠 #pcbuild"", ""url"": ""https://www.youtube.com/watch?v=n7hVlYCzAlU""}]"
Zei,Lithuania,1,46100,False,True,Gaming,54,"Rule-based estimate from channel description; matching signals: Gaming, gaming pc, gaming. Penalties applied for any negative audience signals.",https://www.youtube.com/@zeibytes,žaidimų kompiuteris gaming PC,"[{""title"": ""I Built The Best $100 Gaming PC That Gets 400+ FPS"", ""url"": ""https://www.youtube.com/watch?v=9w94iqEOSnA""}]"
MrTechVisuals,Estonia,1,48700,False,True,Hardware and benchmarks; Gaming,54,"Rule-based estimate from channel description; matching signals: Hardware and benchmarks, Gaming, gaming pc, gaming. Penalties applied for any negative audience signals.",https://www.youtube.com/@mrtechvisuals,gaming PC ehitamine,"[{""title"": ""Building The Perfect 1440p Gaming PC For 2025 😮 | 9800X3D + RTX 4070ti / RTX 5070"", ""url"": ""https://www.youtube.com/watch?v=PKoHHL34b2g""}]"
TechTime,Belgium; Netherlands,2,49100,False,True,Gaming,54,"Rule-based estimate from channel description; matching signals: Gaming, gaming pc, gaming. Penalties applied for any negative audience signals.",https://www.youtube.com/@techtimenl,gaming pc bouwen pc build; gaming PC bouwen,"[{""title"": ""Bouw Je EIGEN Gaming PC Met Deze Simpele Stappen"", ""url"": ""https://www.youtube.com/watch?v=H0rAFot7do4""}, {""title"": ""HOE BOUW JE ZELF EEN GAMING PC? COMPLETE BUILD"", ""url"": ""https://www.youtube.com/watch?v=DHavJRw97Lk""}, {""title"": ""€250 BUDGET GAME PC BOUWEN! - Build My Rig #15"", ""url"": ""https://www.youtube.com/watch?v=70CRcE5iEVk""}, {""title"": ""Zo BOUW je een GAME PC voor 500 euro! (2021) | TechTime"", ""url"": ""https://www.youtube.com/watch?v=mGxwyPvzt6E""}]"
MadForHardware,Italy,1,16500,False,True,Gaming,50,"Rule-based estimate from channel description; matching signals: Gaming, hardware, gaming. Penalties applied for any negative audience signals.",https://www.youtube.com/@madforhardware,assemblare PC gaming,"[{""title"": ""CONVIENE ASSEMBLARE UN PC OGGI? LA VERITÀ"", ""url"": ""https://www.youtube.com/watch?v=tfJHcHdbNpg""}]"
OptiGG,France; Luxembourg,2,17000,False,True,Gaming; Hardware and benchmarks,50,"Rule-based estimate from channel description; matching signals: Gaming, Hardware and benchmarks, hardware, gaming. Penalties applied for any negative audience signals.",https://www.youtube.com/@optigg,montage PC gamer,"[{""title"": ""POV : Montage PC 1450€ Ryzen 5 9600x / RX 7800XT"", ""url"": ""https://www.youtube.com/watch?v=a7TbBZeQxkc""}, {""title"": ""Montage PC 2700€ Hyte Y70 Touch Noir - RX 9070XT - Ryzen 7 9800X3D"", ""url"": ""https://www.youtube.com/watch?v=wNlUDawGNjM""}, {""title"": ""Le débutant du montage PC ? #pc #hardware"", ""url"": ""https://www.youtube.com/watch?v=VkP6LSIE2ko""}]"
MVHardware,Italy,1,41200,False,True,Gaming,50,"Rule-based estimate from channel description; matching signals: Gaming, hardware, gaming. Penalties applied for any negative audience signals.",https://www.youtube.com/@mvhardware,assemblare PC gaming,"[{""title"": ""ASSEMBLARE UN PC DA GAMING NEL 2026: NON LO FARE! 😰​"", ""url"": ""https://www.youtube.com/watch?v=t1HLXTTBkOM""}]"
Tommiboi,Belgium; Netherlands,2,29000,False,True,Gaming,49,"Rule-based estimate from channel description; matching signals: Gaming, gaming pc, gaming, setup. Penalties applied for any negative audience signals.",https://www.youtube.com/@tommiboii,gaming pc bouwen pc build; gaming PC bouwen,"[{""title"": ""DE BESTE €550 PC VOOR GAMING BOUWEN"", ""url"": ""https://www.youtube.com/watch?v=LNUA8eav_lk""}, {""title"": ""Ik BOUW een PC voor mijn EERSTE ABONNEE!!"", ""url"": ""https://www.youtube.com/watch?v=eK3sUCqH4vs""}, {""title"": ""DE BESTE €500 PC VAN MARKTPLAATS KOPEN....?!"", ""url"": ""https://www.youtube.com/watch?v=-ACwYz4PWqs""}, {""title"": ""WE BOUWEN MIJN NIEUWE GAMING PC..."", ""url"": ""https://www.youtube.com/watch?v=-vxEd429fig""}]"
techgus,Portugal,1,48700,False,True,Gaming,47,"Rule-based estimate from channel description; matching signals: Gaming, hardware, setup. Penalties applied for any negative audience signals.",https://www.youtube.com/@techgusoficial,montagem PC gaming,"[{""title"": ""Não Cometa esses Erros ao Montar o seu PC Gamer"", ""url"": ""https://www.youtube.com/watch?v=vGGTndJc_PE""}, {""title"": ""Como Montar um PC Gamer Passo a Passo"", ""url"": ""https://www.youtube.com/watch?v=Mq1sulxOp8w""}]"
HOPsi,Slovenia,1,3890,False,True,Gaming; Reviews and buying advice,44,"Rule-based estimate from channel description; matching signals: Gaming, Reviews and buying advice, gaming, computer. Penalties applied for any negative audience signals.",https://www.youtube.com/@hopsi,gaming PC sestava,"[{""title"": ""Sestavili smo POŠASTEN PC! Gaming računalnik za 5000€! - HOPsi Review"", ""url"": ""https://www.youtube.com/watch?v=y8Kr0-ZFyeE""}]"
PC builder - Informática,Portugal,1,21300,False,True,Hardware and benchmarks; Gaming,44,"Rule-based estimate from channel description; matching signals: Hardware and benchmarks, Gaming, pc build. Penalties applied for any negative audience signals.",https://www.youtube.com/@pcbuilderinfo,montagem PC gaming,"[{""title"": ""Guia Rápido pra Montar seu PC Gamer em 2025!"", ""url"": ""https://www.youtube.com/watch?v=zTy1EZsUUa4""}]"
Benjy Hardware,France; Luxembourg,2,2030,False,True,Gaming,42,"Rule-based estimate from channel description; matching signals: Gaming, hardware. Penalties applied for any negative audience signals.",https://www.youtube.com/@benj-hardware,montage PC gamer,"[{""title"": ""Monter son premier PC GAMER (guide ULTIME)"", ""url"": ""https://www.youtube.com/watch?v=Hr8pY-H5kk8""}]"
MEDIA MAREK - Komputery Gamingowe,Poland,1,6630,False,True,Gaming,42,"Rule-based estimate from channel description; matching signals: Gaming, gaming, technik. Penalties applied for any negative audience signals.",https://www.youtube.com/@mediamarek,składanie PC gamingowego,"[{""title"": ""Jak złożyć komputer? 💁🏻‍♂️ PORADNIK 2026"", ""url"": ""https://www.youtube.com/watch?v=89JzQYE6XxU""}]"
VZX,France; Luxembourg,2,23100,False,True,Hardware and benchmarks; Gaming,42,"Rule-based estimate from channel description; matching signals: Hardware and benchmarks, Gaming, hardware. Penalties applied for any negative audience signals.",https://www.youtube.com/@viiziix,montage PC gamer,"[{""title"": ""Le TUTO PARFAIT pour un DÉBUTANT (avec branchement des câbles) | MONTAGE PC CLIENT #26"", ""url"": ""https://www.youtube.com/watch?v=iOle_UFfJZQ""}, {""title"": ""J'ai monté ce PC GAMER pour 1550€… Aujourd'hui, c'est impossible ! | MONTAGE PC CLIENT #33"", ""url"": ""https://www.youtube.com/watch?v=gNTaE90xP-s""}]"
TechTravel,Hungary,1,23400,False,True,Gaming,42,"Rule-based estimate from channel description; matching signals: Gaming, hardware. Penalties applied for any negative audience signals.",https://www.youtube.com/@techtravel_,gaming PC építés,"[{""title"": ""Így Szerelj Össze egy GAMER Számítógépet PROFI MÓDON 2025-ben"", ""url"": ""https://www.youtube.com/watch?v=8f4FiV6L108""}, {""title"": ""Ez a LEGJOBB Gamer PC 400.000 Ft-ért?! - 2025 Gép Építés 1/5"", ""url"": ""https://www.youtube.com/watch?v=26Ksd2PvhC8""}]"
Katech Hardware Store,Spain,1,34700,False,True,Gaming,42,"Rule-based estimate from channel description; matching signals: Gaming, hardware. Penalties applied for any negative audience signals.",https://www.youtube.com/@katech_ar,montaje PC gaming,"[{""title"": ""Armando una PC GAMER de GAMA MEDIA"", ""url"": ""https://www.youtube.com/watch?v=aebCj0kpWrI""}]"
HardwareFRA,France; Luxembourg,2,36400,False,True,Hardware and benchmarks; Gaming,42,"Rule-based estimate from channel description; matching signals: Hardware and benchmarks, Gaming, hardware. Penalties applied for any negative audience signals.",https://www.youtube.com/@hardwarefra,montage PC gamer,"[{""title"": ""[TUTO] Comment Monter son PC - Guide Ultime 2026"", ""url"": ""https://www.youtube.com/watch?v=S3ctgRlViXA""}, {""title"": ""🔧COMMENT MONTER SON PC DE A à Z + CABLE MANAGEMENT | Config PC Gamer Blanc 3000€ | 2022"", ""url"": ""https://www.youtube.com/watch?v=wVC2RXuwV04""}, {""title"": ""[POV] - Comment Monter son PC Gamer (Guide Complet)"", ""url"": ""https://www.youtube.com/watch?v=QkwdhbAeLeA""}, {""title"": ""🔧COMMENT MONTER SON PC DE A à Z + CABLE MANAGEMENT | 2022"", ""url"": ""https://www.youtube.com/watch?v=H5-Jh5egTmc""}]"
VlogTehnica,Romania,1,9750,False,True,Hardware and benchmarks; Gaming,41,"Rule-based estimate from channel description; matching signals: Hardware and benchmarks, Gaming, gaming, setup. Penalties applied for any negative audience signals.",https://www.youtube.com/@vlogtehnica,asamblare PC gaming,"[{""title"": ""Așa arată noul nostru setup! Asamblare PC cu MSI Z890 și RTX 5060"", ""url"": ""https://www.youtube.com/watch?v=t1Hncwxxu-w""}]"
Johan Flodqvist,Sweden,1,2000,False,True,Gaming,36,"Rule-based estimate from channel description; matching signals: Gaming, gaming. Penalties applied for any negative audience signals.",https://www.youtube.com/@johanflodqvist,bygga gaming PC,"[{""title"": ""Hur DU bygger en gamingdator så BILLIGT som möjligt!"", ""url"": ""https://www.youtube.com/watch?v=joxp9SYYwKw""}, {""title"": ""Så Bygger DU din Första Gamingdator. Nybörjarguide 2024."", ""url"": ""https://www.youtube.com/watch?v=_nNwvSut1vk""}, {""title"": ""Kan man bygga en GAMINGDATOR för 300 kronor?"", ""url"": ""https://www.youtube.com/watch?v=0PE68-r2wG0""}]"
Daytone,Sweden,1,2380,False,True,Hardware and benchmarks; Gaming,36,"Rule-based estimate from channel description; matching signals: Hardware and benchmarks, Gaming, gaming. Penalties applied for any negative audience signals.",https://www.youtube.com/@realdaytone,bygga gaming PC,"[{""title"": ""Borde du köpa en dator från Inet?"", ""url"": ""https://www.youtube.com/watch?v=FhIYLt6CTWs""}, {""title"": ""Bygger en 11 000kr Gaming dator. Vill du veta mer om datorn gå in på Daytone.se eller länk i bio!"", ""url"": ""https://www.youtube.com/watch?v=NWu4qd_N8QI""}, {""title"": ""Hur skulle du bygga en 7k dator?"", ""url"": ""https://www.youtube.com/watch?v=CSuu4VJvH6g""}, {""title"": ""Nu bygger vi en Elgiganten build 310. Sponsrad av Nvidia och Elgiganten Sverige #rtxon #reklam"", ""url"": ""https://www.youtube.com/watch?v=oTdENDnxvBM""}, {""title"": ""Hur du Bygger den Billigaste Nya Datorn 2024"", ""url"": ""https://www.youtube.com/watch?v=JnUnE9yoQ_4""}]"
StaelTek,Denmark,1,2820,False,True,Gaming,36,"Rule-based estimate from channel description; matching signals: Gaming, computer. Penalties applied for any negative audience signals.",https://www.youtube.com/@staeltek,gaming PC byg computer,"[{""title"": ""Byg en BILLIG Gamer PC til 4500kr! (Februar 2025)"", ""url"": ""https://www.youtube.com/watch?v=vz2lG8y3to8""}]"
Radiance Systems,Luxembourg,1,2900,False,True,Gaming,36,"Rule-based estimate from channel description; matching signals: Gaming, gaming. Penalties applied for any negative audience signals.",https://www.youtube.com/@radiancesystems,montage PC gamer,"[{""title"": ""💥 Notre PC gamer à 400 € ! 🚀 Lien en bio !"", ""url"": ""https://www.youtube.com/watch?v=QsLYLKaiRTA""}]"
Teknikhype,Sweden,1,3020,False,True,Gaming; Reviews and buying advice,36,"Rule-based estimate from channel description; matching signals: Gaming, Reviews and buying advice, gaming. Penalties applied for any negative audience signals.",https://www.youtube.com/@teknikhype,bygga gaming PC,"[{""title"": ""Bygga Dator 2026? Vänta eller Köp Nu (Stor Varning)"", ""url"": ""https://www.youtube.com/watch?v=fECUqydpX5g""}]"
Adrian Ghita,Romania,1,4800,False,True,Hardware and benchmarks; Gaming; Reviews and buying advice,36,"Rule-based estimate from channel description; matching signals: Hardware and benchmarks, Gaming, Reviews and buying advice, gaming. Penalties applied for any negative audience signals.",https://www.youtube.com/@adrianght,asamblare PC gaming,"[{""title"": ""PC -  GAMING - i9 14900kf, RTX4070TI super (Unboxing si asamblare)"", ""url"": ""https://www.youtube.com/watch?v=2uqBfFeQ6n8""}]"
ImaEternal,Slovenia,1,7460,False,True,Gaming,36,"Rule-based estimate from channel description; matching signals: Gaming, gaming. Penalties applied for any negative audience signals.",https://www.youtube.com/@imaeternal,gaming PC sestava,"[{""title"": ""#shorts #gaming #pc #tech"", ""url"": ""https://www.youtube.com/watch?v=aH3fQ7juXCo""}]"
Vidus,Slovenia,1,8130,False,True,Gaming,36,"Rule-based estimate from channel description; matching signals: Gaming, gaming. Penalties applied for any negative audience signals.",https://www.youtube.com/@v1dus,gaming PC sestava,"[{""title"": ""[SLO] 840€ GAMING Računalnik Build za prijatelja!"", ""url"": ""https://www.youtube.com/watch?v=fvp06ExdBX8""}]"
ByteBetyár,Hungary,1,8210,False,True,Gaming,36,"Rule-based estimate from channel description; matching signals: Gaming, gaming. Penalties applied for any negative audience signals.",https://www.youtube.com/@bytebetyar,gaming PC építés,"[{""title"": ""MEGÉRI TEMURÓL GAMER PC-T ÉPITENI? 🤔"", ""url"": ""https://www.youtube.com/watch?v=DRHDzgemWbo""}]"
Dany Rog,Italy,1,10000,False,True,Gaming,36,"Rule-based estimate from channel description; matching signals: Gaming, gaming. Penalties applied for any negative audience signals.",https://www.youtube.com/@danyrog,assemblare PC gaming,"[{""title"": ""HO ASSEMBLATO un PC GAMING con SOLI 600 EURO! Funziona?"", ""url"": ""https://www.youtube.com/watch?v=nHl7fDxdvMQ""}]"
SYSTEMTREFF,Germany,1,14300,False,True,Gaming,36,"Rule-based estimate from channel description; matching signals: Gaming, gaming. Penalties applied for any negative audience signals.",https://www.youtube.com/@systemtreff6909,Gaming PC bauen,"[{""title"": ""Gaming-PC selber bauen – Anfänger-Guide"", ""url"": ""https://www.youtube.com/watch?v=BUqqPovLkq4""}]"
PhenixPC Gaming,Luxembourg,1,15100,False,True,Hardware and benchmarks; Gaming,36,"Rule-based estimate from channel description; matching signals: Hardware and benchmarks, Gaming, gaming. Penalties applied for any negative audience signals.",https://www.youtube.com/@phenixpcgaming,montage PC gamer,"[{""title"": ""Si tu veux un PC Gamer envoies vite cette vidéo à tes parents ! #gaming #phenixpc #nvidiartx"", ""url"": ""https://www.youtube.com/watch?v=58nMBL1lrPE""}]"
GeekBoy - Shorts,Slovakia,1,16400,False,True,Gaming,36,"Rule-based estimate from channel description; matching signals: Gaming, gaming. Penalties applied for any negative audience signals.",https://www.youtube.com/@geekboy-shorts,zostava herného PC,"[{""title"": ""Herní PC do 10 000 Kč?"", ""url"": ""https://www.youtube.com/watch?v=L8FMhQiOTwg""}]"
Steven Erixon,Sweden,1,19400,False,True,Gaming,36,"Rule-based estimate from channel description; matching signals: Gaming, gaming. Penalties applied for any negative audience signals.",https://www.youtube.com/@steven_erixon,bygga gaming PC,"[{""title"": ""KAN JAG BYGGA EN GAMINGDATOR FÖR UNDER 10 000Kr!?"", ""url"": ""https://www.youtube.com/watch?v=UWAhtreYtBs""}, {""title"": ""VAD DU BEHÖVER FÖR ATT BYGGA EN GAMINGDATOR 🔥🙏🏼"", ""url"": ""https://www.youtube.com/watch?v=r6DuYQh6jVo""}]"
Elgiganten Gaming,Sweden,1,19800,False,True,Gaming,36,"Rule-based estimate from channel description; matching signals: Gaming, gaming. Penalties applied for any negative audience signals.",https://www.youtube.com/@elgigantengaming,bygga gaming PC,"[{""title"": ""Elgiganten Build Instruktionsvideo - Hur du bygger din dator!"", ""url"": ""https://www.youtube.com/watch?v=3FmV07b17Ts""}, {""title"": ""Bygg din första dator med Elgiganten Build!"", ""url"": ""https://www.youtube.com/watch?v=nfXq92OiwSg""}]"
MiiKo,Finland,1,20000,False,True,Gaming,36,"Rule-based estimate from channel description; matching signals: Gaming, gaming. Penalties applied for any negative audience signals.",https://www.youtube.com/@ggmiiko,pelitietokoneen kasaus,"[{""title"": ""Hyvä pelikone alle 1000€ budjetilla? 🤔💰 Kasattu custom pelikone 🖥"", ""url"": ""https://www.youtube.com/watch?v=I7XEadzeuZ8""}]"
Piraţii IT,Romania,1,23400,False,True,Gaming,36,"Rule-based estimate from channel description; matching signals: Gaming, gaming. Penalties applied for any negative audience signals.",https://www.youtube.com/@piratit,asamblare PC gaming,"[{""title"": ""Cum să asamblezi un PC pas cu pas"", ""url"": ""https://www.youtube.com/watch?v=hA8Nmur2XDU""}]"
Instar Centar,Croatia,1,23700,False,True,Gaming,36,"Rule-based estimate from channel description; matching signals: Gaming, gaming. Penalties applied for any negative audience signals.",https://www.youtube.com/@instarcentaryt,gaming PC slaganje,"[{""title"": ""Najčešće pitanje - savjet za gaming računalo prihvatljivog iznosa"", ""url"": ""https://www.youtube.com/watch?v=5XVrhp2VhqU""}]"
Komponentko,Slovenia,1,26200,False,True,Gaming,36,"Rule-based estimate from channel description; matching signals: Gaming, gaming. Penalties applied for any negative audience signals.",https://www.youtube.com/@komponentko,gaming PC sestava,"[{""title"": ""Št. 1 Vodič - Kako sestaviti računalnik? 🖥🖥 Sestavi si računalnik kar sam ⬇️Vodič v opisu⬇️"", ""url"": ""https://www.youtube.com/watch?v=jfLf914jOo0""}]"
Komplett.no Tech & Gaming,Sweden,1,26300,False,True,Gaming,36,"Rule-based estimate from channel description; matching signals: Gaming, gaming. Penalties applied for any negative audience signals.",https://www.youtube.com/@komplettno,bygga gaming PC,"[{""title"": ""Hvordan bygger man en gaming-PC steg for steg?"", ""url"": ""https://www.youtube.com/watch?v=IyHWkaOthXQ""}]"
90Sparrow IT,Italy,1,35500,False,True,Gaming,36,"Rule-based estimate from channel description; matching signals: Gaming, gaming. Penalties applied for any negative audience signals.",https://www.youtube.com/@90sparrowit,assemblare PC gaming,"[{""title"": ""Come assemblare un PC Gaming con un budget di...850€ [TUTORIAL]"", ""url"": ""https://www.youtube.com/watch?v=DIV3_oAll7Y""}]"
FamilyMontage,Slovenia,1,2580,False,True,Hardware and benchmarks; Gaming; Reviews and buying advice,34,"Rule-based estimate from channel description; matching signals: Hardware and benchmarks, Gaming, Reviews and buying advice, gaming pc, gaming. Penalties applied for any negative audience signals.",https://www.youtube.com/@familymontage,gaming PC sestava,"[{""title"": ""🎁 Unboxing My New RTX 5080 Gaming PC 🖥️"", ""url"": ""https://www.youtube.com/watch?v=dAui6OkebBM""}]"
THIAGO TECH PRO,Portugal,1,6290,False,True,Gaming,33,"Rule-based estimate from channel description; matching signals: Gaming, setup. Penalties applied for any negative audience signals.",https://www.youtube.com/@thiagotechpro,montagem PC gaming,"[{""title"": ""PC GAMER DE 500 REAIS"", ""url"": ""https://www.youtube.com/watch?v=X8BWP9EK_8Y""}]"
Kompjuter Simulator,Croatia,1,2670,False,True,Gaming; Reviews and buying advice,28,"Rule-based estimate from channel description; matching signals: Gaming, Reviews and buying advice. Penalties applied for any negative audience signals.",https://www.youtube.com/@kompjuter_simulator,gaming PC slaganje,"[{""title"": ""Kompjuter Simulator #1 | Slaganje računala od nule | Budžet AMD PC"", ""url"": ""https://www.youtube.com/watch?v=hynoXoh_o-g""}]"
Goruko,France,1,2970,False,True,Gaming,28,Rule-based estimate from channel description; matching signals: Gaming. Penalties applied for any negative audience signals.,https://www.youtube.com/@gorukodark_zh0u,montage PC gamer,"[{""title"": ""Je construit à mon pote son pc gamer de rêve… #shorts"", ""url"": ""https://www.youtube.com/watch?v=mnxgnJQAYBU""}]"
Martin Brokeš (Makej PC),Czechia,1,4360,False,True,Hardware and benchmarks; Gaming; Reviews and buying advice,28,"Rule-based estimate from channel description; matching signals: Hardware and benchmarks, Gaming, Reviews and buying advice. Penalties applied for any negative audience signals.",https://www.youtube.com/@martinbrokespc,herní PC sestava gaming,"[{""title"": ""Může být nové herní PC levné a zároveň dobré? Tipy na co si dát pozor! Test RTX 3050 6GB!"", ""url"": ""https://www.youtube.com/watch?v=XVHMzQ57rSs""}, {""title"": ""Dá se v roce 2026 hrát na levným PC? Stačí ještě RX580?"", ""url"": ""https://www.youtube.com/watch?v=ds8Y60X1FiE""}, {""title"": ""Herní PC za 36 000 Kč na CS2? [Zakázkové PC]"", ""url"": ""https://www.youtube.com/watch?v=mrom1nH-tPs""}, {""title"": ""Herní PC za 8000 Kč v roce 2026? Když jen RAMka stojí 3000 Kč!"", ""url"": ""https://www.youtube.com/watch?v=aKtHtJBoNGA""}]"
PROHARDVERhu,Hungary,1,17600,False,True,Hardware and benchmarks; Gaming,28,"Rule-based estimate from channel description; matching signals: Hardware and benchmarks, Gaming. Penalties applied for any negative audience signals.",https://www.youtube.com/@prohardverhu,gaming PC építés,"[{""title"": ""Így építs kiegyensúlyozott gamer PC-t – CPU, GPU és FPS viszonya"", ""url"": ""https://www.youtube.com/watch?v=MbMxYIVvtEA""}]"
1tec9,Portugal,1,35900,False,True,Gaming,28,Rule-based estimate from channel description; matching signals: Gaming. Penalties applied for any negative audience signals.,https://www.youtube.com/@1tec09,montagem PC gaming,"[{""title"": ""Montei um pc gamer baratinho pro meu irmão mais DEU RUIM KKK!! Mancer CV700 ! #pc #pcgamer #games"", ""url"": ""https://www.youtube.com/watch?v=15eVbIQifYU""}]"
vidilab,Croatia,1,2900,False,False,Hardware and benchmarks; Reviews and buying advice,56,"Rule-based estimate from channel description; matching signals: Hardware and benchmarks, Reviews and buying advice, hardware, benchmark. Penalties applied for any negative audience signals.",https://www.youtube.com/@vidilab,gaming PC slaganje,"[{""title"": ""Slaganje jeftinog računala"", ""url"": ""https://www.youtube.com/watch?v=VEcojcLJ-LA""}]"
Joseph Kim,Estonia,1,37900,False,False,Hardware and benchmarks; Reviews and buying advice,50,"Rule-based estimate from channel description; matching signals: Hardware and benchmarks, Reviews and buying advice, hardware, computer. Penalties applied for any negative audience signals.",https://www.youtube.com/@josephkim,gaming PC ehitamine,"[{""title"": ""PC for Architecture - The Balanced Build for 3D Modeling and Renderings"", ""url"": ""https://www.youtube.com/watch?v=B38GDWb3isc""}]"
Kordmeister,Cyprus; Greece,2,10800,False,False,Hardware and benchmarks,42,"Rule-based estimate from channel description; matching signals: Hardware and benchmarks, hardware. Penalties applied for any negative audience signals.",https://www.youtube.com/@kordmeister,gaming PC συναρμολόγηση,"[{""title"": ""Total PC Rebirth - Έλεγχος του Hardware & συναρμολόγηση υπολογιστή | Επεισόδιο 3"", ""url"": ""https://www.youtube.com/watch?v=04A-GMTFa48""}]"
EliTra Tech,Italy,1,19900,False,False,Hardware and benchmarks,42,"Rule-based estimate from channel description; matching signals: Hardware and benchmarks, hardware. Penalties applied for any negative audience signals.",https://www.youtube.com/@elitratechnology,assemblare PC gaming,"[{""title"": ""ASSEMBLAGGIO PC POV IN PRIMA PERSONA - GUIDA DEFINITIVA 2025"", ""url"": ""https://www.youtube.com/watch?v=5m7EkGwb_Iw""}]"
Its_Ankie,Belgium; Netherlands,2,4710,False,False,Streaming,36,"Rule-based estimate from channel description; matching signals: Streaming, computer. Penalties applied for any negative audience signals.",https://www.youtube.com/@its_ankie,gaming pc bouwen pc build; gaming PC bouwen,"[{""title"": ""IK PROBEER EEN COMPUTER TE BOUWEN 😱 | Ankie Kan Alles"", ""url"": ""https://www.youtube.com/watch?v=kJm4zBLog5g""}]"
Grifos Gaming,Cyprus; Greece,2,4990,False,False,,36,Rule-based estimate from channel description; matching signals: gaming. Penalties applied for any negative audience signals.,https://www.youtube.com/@grifosgaming4037,gaming PC συναρμολόγηση,"[{""title"": ""Στήσε ΜΟΝΟΣ σου το PC σου 2025 Οδηγός"", ""url"": ""https://www.youtube.com/watch?v=TvlXSzHp5S8""}]"
Coolblue Productadvies,Netherlands,1,10100,False,False,,36,Rule-based estimate from channel description; matching signals: computer. Penalties applied for any negative audience signals.,https://www.youtube.com/@coolblueproductadvies,gaming PC bouwen,"[{""title"": ""Wat heb ik nodig om mijn PC te bouwen?"", ""url"": ""https://www.youtube.com/watch?v=WZs4ire2nus""}]"
Komplett.se Tech & Gaming,Sweden,1,18500,False,False,,36,Rule-based estimate from channel description; matching signals: gaming. Penalties applied for any negative audience signals.,https://www.youtube.com/@komplettse,bygga gaming PC,"[{""title"": ""Så bygger du din egen PC, steg för steg - Komplett.se"", ""url"": ""https://www.youtube.com/watch?v=c85abDXIq5I""}]"
RepairGuyDK,Denmark,1,20400,False,False,Reviews and buying advice,36,"Rule-based estimate from channel description; matching signals: Reviews and buying advice, computer. Penalties applied for any negative audience signals.",https://www.youtube.com/@repairguydk,gaming PC byg computer,"[{""title"": ""NY! Badass  Computer - Byg Selv ! - Min nye arbejdsstation"", ""url"": ""https://www.youtube.com/watch?v=CyAgJKyx26o""}]"
CZC.cz,Czechia,1,25300,False,False,Hardware and benchmarks; Streaming,36,"Rule-based estimate from channel description; matching signals: Hardware and benchmarks, Streaming, gaming. Penalties applied for any negative audience signals.",https://www.youtube.com/@czccz,herní PC sestava gaming,"[{""title"": ""HERNÍ SESTAVA S RTX 4080 A AMD RYZEN 7 | Stavíme herní PC | Záznam streamu lo-fi chill"", ""url"": ""https://www.youtube.com/watch?v=9picjjmUn1I""}, {""title"": ""Herní PC v kufru na kolečkách?! | Custom build CZC PC pro survivalisty s GeForce RTX"", ""url"": ""https://www.youtube.com/watch?v=L0wU5fySmX8""}]"
Asi Tomáš,Czechia,1,39800,False,False,,33,Rule-based estimate from channel description; matching signals: setup. Penalties applied for any negative audience signals.,https://www.youtube.com/@asitomastech,herní PC sestava gaming,"[{""title"": ""Jak Tohle Může Stát Jen 10 000 Kč"", ""url"": ""https://www.youtube.com/watch?v=9IIiEfu2980""}]"
GamePC - děláme lepší hráče,Slovakia,1,2440,False,False,,28,Rule-based estimate from channel description; matching signals: no clear PC-gaming terms found. Penalties applied for any negative audience signals.,https://www.youtube.com/@gamepccz,zostava herného PC,"[{""title"": ""🎉 První kroky po doručení tvého nového PC od gamepc.cz📦 Od rozbalení až po první zapnutí."", ""url"": ""https://www.youtube.com/watch?v=KBr-8PkhRZA""}]"
Chill Builds,Estonia,1,2730,False,False,,28,Rule-based estimate from channel description; matching signals: no clear PC-gaming terms found. Penalties applied for any negative audience signals.,https://www.youtube.com/@chillbuilds,gaming PC ehitamine,"[{""title"": ""Chill Un-Build: Phanteks Evolv Shift Air 2"", ""url"": ""https://www.youtube.com/watch?v=hjEvrWOOeWg""}]"
Plyvette,Finland,1,3110,False,False,,28,Rule-based estimate from channel description; matching signals: no clear PC-gaming terms found. Penalties applied for any negative audience signals.,https://www.youtube.com/@plyvette,pelitietokoneen kasaus,"[{""title"": ""Pelikoneen kasaus osa 3 virtalähde ja flektit"", ""url"": ""https://www.youtube.com/watch?v=bCamEAPHjcU""}, {""title"": ""Pelikoneen kasaus osa 2 emo ja jäähy"", ""url"": ""https://www.youtube.com/watch?v=j5LufrUCF5A""}]"
Halik,Slovakia; Slovenia,2,5120,False,False,,28,Rule-based estimate from channel description; matching signals: no clear PC-gaming terms found. Penalties applied for any negative audience signals.,https://www.youtube.com/@halik_official,zostava herného PC; gaming PC sestava,"[{""title"": ""EXCELENTNÁ PC Zostava Do 600€ ! [2024]"", ""url"": ""https://www.youtube.com/watch?v=HlplckgZzXM""}, {""title"": ""🛑 VAROVANIE! NEKUPUJTE TENTO PC BEZ TOHTO VIDEA! 😳"", ""url"": ""https://www.youtube.com/watch?v=nFO7tJG0gl8""}]"
Puuhis,Finland,1,5850,False,False,,28,Rule-based estimate from channel description; matching signals: no clear PC-gaming terms found. Penalties applied for any negative audience signals.,https://www.youtube.com/@petriapell,pelitietokoneen kasaus,"[{""title"": ""Puuhiksen uuden tietokoneen kasaus ja käynistys"", ""url"": ""https://www.youtube.com/watch?v=eirYrQQtXlA""}]"
NetOnNet Sverige ,Sweden,1,5940,False,False,,28,Rule-based estimate from channel description; matching signals: no clear PC-gaming terms found. Penalties applied for any negative audience signals.,https://www.youtube.com/@netonnet,bygga gaming PC,"[{""title"": ""Bygg din egen dator"", ""url"": ""https://www.youtube.com/watch?v=YNcEba_lp2c""}]"
Bajdo Tech Shorts ,Hungary,1,8720,False,False,,28,Rule-based estimate from channel description; matching signals: no clear PC-gaming terms found. Penalties applied for any negative audience signals.,https://www.youtube.com/@bajdotechshorts,gaming PC építés,"[{""title"": ""🚀 PC Építés Kezdőknek: 10+1 Hiba, Amit Kerülj El!"", ""url"": ""https://www.youtube.com/watch?v=bz-BNmxu1kw""}]"
TenraZ,Czechia,1,11100,False,False,,28,Rule-based estimate from channel description; matching signals: no clear PC-gaming terms found. Penalties applied for any negative audience signals.,https://www.youtube.com/@tenraz3,herní PC sestava gaming,"[{""title"": ""Herní PC do 30 000 Kč (Nejlepší sestava)"", ""url"": ""https://www.youtube.com/watch?v=g1G3_HnjlGc""}]"
Loretech86,Italy,1,11200,False,False,,28,Rule-based estimate from channel description; matching signals: no clear PC-gaming terms found. Penalties applied for any negative audience signals.,https://www.youtube.com/@loretech86,assemblare PC gaming,"[{""title"": ""Assemblare un PC con 500 € nel 2026"", ""url"": ""https://www.youtube.com/watch?v=Mcft6n2XjnQ""}]"
Žentelis,Lithuania,1,13900,False,False,,28,Rule-based estimate from channel description; matching signals: no clear PC-gaming terms found. Penalties applied for any negative audience signals.,https://www.youtube.com/@zenteliokanalas,žaidimų kompiuteris gaming PC,"[{""title"": ""SURINKAU ŽAIDIMŲ KOMPIUTERĮ UŽ 100 EURŲ !!!"", ""url"": ""https://www.youtube.com/watch?v=8MnnkZfkuic""}]"
NosSami,Finland,1,20100,False,False,,28,Rule-based estimate from channel description; matching signals: no clear PC-gaming terms found. Penalties applied for any negative audience signals.,https://www.youtube.com/@nossami,pelitietokoneen kasaus,"[{""title"": ""UUDEN TIETOKONEEN KASAUS"", ""url"": ""https://www.youtube.com/watch?v=XV0IosooFvI""}]"
vladoportos,Slovakia,1,23200,False,False,Hardware and benchmarks,28,Rule-based estimate from channel description; matching signals: Hardware and benchmarks. Penalties applied for any negative audience signals.,https://www.youtube.com/@vladoportos,zostava herného PC,"[{""title"": ""Nova PC Zostava"", ""url"": ""https://www.youtube.com/watch?v=3Pw-2QY1Ryc""}]"
JNS Tech,Finland,1,29300,False,False,Reviews and buying advice,28,Rule-based estimate from channel description; matching signals: Reviews and buying advice. Penalties applied for any negative audience signals.,https://www.youtube.com/@jnstech,pelitietokoneen kasaus,"[{""title"": ""VIISI aloittelijan VIRHETTÄ pelikoneen kasauksessa! - Älä tee näitä virheitä! (Osa 1)"", ""url"": ""https://www.youtube.com/watch?v=qCSsL93-u1o""}, {""title"": ""KUINKA KASATA TIETOKONE! (Ajantasainen opas!)"", ""url"": ""https://www.youtube.com/watch?v=zTSQAVELxIQ""}, {""title"": ""Kasasin PARHAAN 1100€ pelitietokoneen! - Kasaus ja suorituskykytestit!"", ""url"": ""https://www.youtube.com/watch?v=bPmJjZk95yw""}]"
OssiTek,Finland,1,31600,False,False,,28,Rule-based estimate from channel description; matching signals: no clear PC-gaming terms found. Penalties applied for any negative audience signals.,https://www.youtube.com/@ossitek,pelitietokoneen kasaus,"[{""title"": ""250€ Pelitietokone Kiinasta🇨🇳 #suomitiktok #tiktoksuomi #tekniikka #peli #pelikone #tietokone"", ""url"": ""https://www.youtube.com/watch?v=KCcqnUhRB2o""}, {""title"": ""Halpa pelitietokone Kiinasta (USKOMATTOMAN HYVÄ)"", ""url"": ""https://www.youtube.com/watch?v=wS5rr8N0cX0""}, {""title"": ""Pelitietokone käytettynä? #suomitiktok #tiktoksuomi #peli #tech #pelaaminen #tietokone #pelikone"", ""url"": ""https://www.youtube.com/watch?v=ZXkUt0WR3bE""}]"
Komputronik,Poland,1,34400,False,False,Reviews and buying advice,28,Rule-based estimate from channel description; matching signals: Reviews and buying advice. Penalties applied for any negative audience signals.,https://www.youtube.com/@komputroniksa,składanie PC gamingowego,"[{""title"": ""Jak samodzielnie złożyć komputer - poradnik krok po kroku"", ""url"": ""https://www.youtube.com/watch?v=JH_0zafA8qQ""}]"
Richard III,Slovenia,1,34800,False,False,,28,Rule-based estimate from channel description; matching signals: no clear PC-gaming terms found. Penalties applied for any negative audience signals.,https://www.youtube.com/@richard-iii,gaming PC sestava,"[{""title"": ""Nová PC sestava za 50 000,- ! ! ! | Spektrum"", ""url"": ""https://www.youtube.com/watch?v=N1cCZxH3jKE""}]"
MatoBoost,Slovakia,1,35000,False,False,Reviews and buying advice,28,Rule-based estimate from channel description; matching signals: Reviews and buying advice. Penalties applied for any negative audience signals.,https://www.youtube.com/@matoboost,zostava herného PC,"[{""title"": ""Ako si poskladať HERNÝ POČÍTAČ (2022)"", ""url"": ""https://www.youtube.com/watch?v=GnsCr3QW-0E""}]"
Miszel,Poland,1,36600,False,False,Streaming,28,Rule-based estimate from channel description; matching signals: Streaming. Penalties applied for any negative audience signals.,https://www.youtube.com/@miszel,składanie PC gamingowego,"[{""title"": ""MONTAŻ KOMPUTERA ZA 13 000 PLN!"", ""url"": ""https://www.youtube.com/watch?v=ngX3oXF6hVc""}]"
milanfon,Czechia; Slovenia,2,36900,False,False,,28,Rule-based estimate from channel description; matching signals: no clear PC-gaming terms found. Penalties applied for any negative audience signals.,https://www.youtube.com/@milanfon,herní PC sestava gaming; gaming PC sestava,"[{""title"": ""Jak vypadá PC sestava pro PRŮMĚRNÉHO HRÁČE?"", ""url"": ""https://www.youtube.com/watch?v=BatSWvuhIG0""}, {""title"": ""Doufám, že tohle vám SMARTY neprodává!"", ""url"": ""https://www.youtube.com/watch?v=YHK3kDI1ps0""}]"
Desktop.bg𝅺,Bulgaria,1,39600,False,False,,28,Rule-based estimate from channel description; matching signals: no clear PC-gaming terms found. Penalties applied for any negative audience signals.,https://www.youtube.com/@desktopbg,геймърски компютър сглобяване,"[{""title"": ""Сглобяване на геймърски компютър до 5000 лева (еп.3)"", ""url"": ""https://www.youtube.com/watch?v=ZRss_48iuQM""}, {""title"": ""СГЛОБЯВАНЕ НА PC ОТ ПЪРВО ЛИЦЕ"", ""url"": ""https://www.youtube.com/watch?v=cXVVmJGZZ8A""}, {""title"": ""Сглобяване на геймърски компютър до 5000 лева (еп.1)"", ""url"": ""https://www.youtube.com/watch?v=GofKEt7jX8c""}, {""title"": ""Сглобихме ГЕЙМЪРСКО PC за 1000лв… ЕТО КАКВО МОЖЕ"", ""url"": ""https://www.youtube.com/watch?v=S4i4X-k0VRU""}, {""title"": ""Геймърски компютър G:RIGS Panter + вертикален монтаж на видеокарта #българия #гейминг #pc #игри"", ""url"": ""https://www.youtube.com/watch?v=UWDXaiSq5xs""}]"
AndroVlogVideos,Bulgaria,1,45500,False,False,,28,Rule-based estimate from channel description; matching signals: no clear PC-gaming terms found. Penalties applied for any negative audience signals.,https://www.youtube.com/@androvlogvideos,геймърски компютър сглобяване,"[{""title"": ""Сглобяване на конфигурация с Core i5 и GTX 1050Ti (Time Lapse)"", ""url"": ""https://www.youtube.com/watch?v=4ejhKzz8Kv8""}, {""title"": ""Сглобяване на супер конфигурация с Core i7 и GTX 1070 (разширено)"", ""url"": ""https://www.youtube.com/watch?v=jwL9ee82rlE""}, {""title"": ""Сглобяване на специална LoL конфигурация"", ""url"": ""https://www.youtube.com/watch?v=n3cqOruqoqQ""}]"
MoonTVfi,Finland,1,46000,False,False,,28,Rule-based estimate from channel description; matching signals: no clear PC-gaming terms found. Penalties applied for any negative audience signals.,https://www.youtube.com/@moontvfi,pelitietokoneen kasaus,"[{""title"": ""Härveli: PC-pelikoneen kasaaminen"", ""url"": ""https://www.youtube.com/watch?v=wqhk3NAWT7w""}]"
